steps,avg_rewards,episode_step,episode_head,eps_list,episode_loss,q_record,episode_reward,episode_times,episode_relative_times,eval_rewards,highest_eval_score,eval_stds,eval_steps
789,0.014235724343452593,789,7,1.0,,,0.014235724343452593,1.6314003467559814,3.332819700241089,0.0,0.0,0.0,50566.0
1244,0.01121697110240347,455,4,1.0,,,0.00819821786135435,0.8929092884063721,4.245964527130127,0.0,0.0,0.0,101152.0
1896,0.011397255147264024,652,7,1.0,,,0.011757823236985132,1.1298811435699463,5.390722274780273,0.0,0.0,0.0,151284.0
2776,0.012515285326808224,880,2,1.0,,,0.015869375865440825,1.844834327697754,7.250536203384399,0.0,0.0,0.0,201750.0
3101,0.011184927824186158,325,1,1.0,,,0.005863497813697898,0.5554418563842773,7.825469017028809,0.0,0.0,0.0,252795.0
3311,0.009952248911916586,210,5,1.0,,,0.00378885435056873,0.3527092933654785,8.187774181365967,0.0,0.0,0.0,302835.0
4061,0.010464701646872394,750,4,1.0,,,0.013539418056607239,1.4226253032684326,9.61967396736145,0.0,0.0,0.0,352962.0
4947,0.01115651795902522,886,2,1.0,,,0.015999232144095,1.4858100414276123,11.12114143371582,0.0,0.0,0.0,403195.0
5185,0.010394393861190308,238,7,1.0,,,0.0042974010785110294,0.39266324043273926,11.53026008605957,,,,
5393,0.009730033001629633,208,7,1.0,,,0.003750785265583546,0.3557300567626953,11.895369529724121,,,,
5803,0.009517793089722873,410,7,1.0,,,0.007395393970655276,0.6687483787536621,12.573138952255249,,,,
6302,0.009473810112588882,499,0,1.0,,,0.008989997364114972,0.7922139167785645,13.379153728485107,,,,
6848,0.009503033931474558,546,8,1.0,,,0.009853719758102678,0.921461820602417,14.314541816711426,,,,
8232,0.010607909653502114,1384,3,1.0,,,0.024971294039860346,2.2242472171783447,16.550850868225098,,,,
9003,0.010827969561330971,771,3,1.0,,,0.013908808270934965,1.3674538135528564,17.942469120025635,,,,
9491,0.010701621065309152,488,3,1.0,,,0.008806393624981866,0.8527731895446777,18.81129813194275,,,,
9904,0.010509865021278311,413,7,1.0,,,0.007441768316784871,0.6523172855377197,19.478931665420532,,,,
10734,0.01075848933141161,830,2,1.0,,,0.01498510260367767,1.4273486137390137,20.91973090171814,,,,
12012,0.011407464680899128,1278,6,1.0,,,0.023089020971674486,2.4298830032348633,23.367921590805054,,,,
12263,0.011063463218451941,251,7,1.0,,,0.004527435431955378,0.4702455997467041,23.863428592681885,,,,
12496,0.010736543627045604,233,3,1.0,,,0.004198151798918845,0.42453980445861816,24.29977822303772,,,,
12764,0.010468070811528542,268,6,1.0,,,0.004830141685670246,0.5054636001586914,24.814439058303833,,,,
13456,0.010555212386458625,692,8,1.0,,,0.012472327034920449,1.2626123428344727,26.092445850372314,,,,
13713,0.010308450112255134,257,3,1.0,,,0.004632917805574833,0.501002311706543,26.61154842376709,,,,
14498,0.01046273315004073,785,6,1.0,,,0.01416552605689505,1.5136971473693848,28.13398313522339,,,,
15411,0.010693483896768437,913,1,1.0,,,0.0164622525649611,1.7298545837402344,29.88002896308899,,,,
16112,0.010765861684189144,701,1,1.0,,,0.012647684157127513,1.3076879978179932,31.206474542617798,,,,
16315,0.010511991047865845,203,2,1.0,,,0.003657483867136762,0.3740572929382324,31.601308345794678,,,,
17011,0.010582551498343399,696,7,1.0,,,0.012558244111714884,1.2709949016571045,32.88156080245972,,,,
17396,0.010461306227487513,385,0,1.0,,,0.006945193372666838,0.7102766036987305,33.605645418167114,,,,
18106,0.01053665734358102,710,7,1.0,,,0.012797190826386216,1.3642752170562744,34.980085372924805,,,,
18344,0.010341515109757893,238,4,1.0,,,0.004292105861240997,0.4384477138519287,35.433321714401245,,,,
19228,0.01051123088052863,884,4,1.0,,,0.015942135545192273,1.477337121963501,36.91986060142517,,,,
19430,0.010309228439514031,202,5,1.0,,,0.003643147886032239,0.3871636390686035,37.327751874923706,,,,
19849,0.010230449808495384,419,4,1.0,,,0.007551976353861393,0.6830573081970215,38.01874756813049,,,,
20772,0.010408300878350728,923,2,1.0,,,0.016633088323287668,1.6072545051574707,39.6372172832489,,,,
21466,0.01046528557186468,694,3,1.0,,,0.012516734538367016,1.1832196712493896,40.83884000778198,,,,
21956,0.010422184965818336,490,3,1.0,,,0.008827462542103606,0.8179383277893066,41.67172861099243,,,,
23182,0.010722046866923426,1226,6,1.0,,,0.02211679910891686,2.0936264991760254,43.777201414108276,,,,
23458,0.010578432866139336,276,1,1.0,,,0.0049774868355598285,0.4804115295410156,44.2805438041687,,,,
24050,0.01058114264677165,592,7,1.0,,,0.010689533872064191,1.0317981243133545,45.321558475494385,,,,
24685,0.01060188000065474,635,5,1.0,,,0.01145211150986141,1.1097102165222168,46.44419193267822,,,,
25079,0.010520790194074599,394,6,1.0,,,0.007115018317708748,0.6883859634399414,47.14803743362427,,,,
25799,0.010576427120540756,720,8,1.0,,,0.01296881495858541,1.2173705101013184,48.3743257522583,,,,
26087,0.010456885102541287,288,3,1.0,,,0.005197036310564722,0.4843311309814453,48.87345910072327,,,,
26769,0.010496739122039718,682,2,1.0,,,0.01229016999946908,1.143327236175537,50.02522301673889,,,,
27094,0.01039808288303283,325,2,1.0,,,0.005859895888715983,0.5421862602233887,50.58290672302246,,,,
27549,0.010352479879463012,455,8,1.0,,,0.008209138711681581,0.7934942245483398,51.38843655586243,,,,
28203,0.010381849082614464,654,5,1.0,,,0.011791570833884196,1.0717213153839111,52.471174478530884,,,,
28437,0.010258639808860605,234,4,1.0,,,0.0042213853949215245,0.4005866050720215,52.88330388069153,,,,
29007,0.010259028353988574,570,2,1.0,,,0.010278455610387028,0.9789934158325195,53.871148347854614,,,,
29522,0.010240393061181886,515,5,1.0,,,0.009289993128040793,0.9074463844299316,54.78999423980713,,,,
30081,0.010237264412714445,559,1,1.0,,,0.010074574692407611,0.9678432941436768,55.76927852630615,,,,
30673,0.010245182312792164,592,1,1.0,,,0.010664831016911177,0.9901783466339111,56.772061586380005,,,,
30979,0.010159273385112593,306,0,1.0,,,0.005520191290415821,0.5041365623474121,57.29013991355896,,,,
31729,0.010219320392934604,750,0,1.0,,,0.013521905823145058,1.2988953590393066,58.59861898422241,,,,
32359,0.010239374729755675,630,8,1.0,,,0.011362417591735716,1.045517921447754,59.660577058792114,,,,
33141,0.010306089881703192,782,6,1.0,,,0.014108853542711587,1.421234130859375,61.09558868408203,,,,
33495,0.010239495447880225,354,1,1.0,,,0.0063770182861480895,0.5754449367523193,61.68608856201172,,,,
34286,0.010306731863393603,791,6,1.0,,,0.014273680378682907,1.3403239250183105,63.03839421272278,,,,
34851,0.010304796457744859,565,3,1.0,,,0.010188672118820243,0.9554092884063721,64.00931429862976,,,,
35040,0.010193615454519467,189,4,1.0,,,0.003411574257770554,0.34479522705078125,64.36763024330139,,,,
35831,0.010258341270096095,791,5,1.0,,,0.014271341835847112,1.309554100036621,65.68538331985474,,,,
36560,0.010303404627084088,729,5,1.0,,,0.013142396117327728,1.2467451095581055,66.9489688873291,,,,
37088,0.010291361122714495,528,7,1.0,,,0.009520576843060553,0.9289016723632812,67.89477348327637,,,,
37650,0.010289176388760094,562,6,1.0,,,0.010147168681723997,1.0085651874542236,68.91649293899536,,,,
38333,0.010319421259154658,683,5,1.0,,,0.012315582705195999,1.1921977996826172,70.1205883026123,,,,
39065,0.01036163467497852,732,7,1.0,,,0.013189933535177261,1.2522854804992676,71.38751530647278,,,,
39435,0.010308285237634147,370,8,1.0,,,0.006680523498216644,0.6416194438934326,72.04612851142883,,,,
40113,0.010335622705253105,678,1,1.0,,,0.012221907970961196,1.2112758159637451,73.26877927780151,,,,
40387,0.010259647159263306,274,8,1.0,,,0.004941358939977366,0.49158740043640137,73.77468585968018,,,,
41024,0.01027694520289919,637,8,1.0,,,0.011505106301046907,1.0810933113098145,74.8653359413147,,,,
41668,0.010295308153145014,644,0,1.0,,,0.011617440570844345,1.0983836650848389,75.98031449317932,,,,
41936,0.01022145201151599,268,2,1.0,,,0.004829953672597187,0.4493279457092285,76.44239711761475,,,,
42552,0.01023336013861311,616,1,1.0,,,0.011114561543799932,1.0794498920440674,77.53222227096558,,,,
43158,0.010242574153342406,606,1,1.0,,,0.010933625258039679,1.0902726650238037,78.6410300731659,,,,
43993,0.010305479150492236,835,2,1.0,,,0.015086258933879423,1.4646098613739014,80.11872148513794,,,,
44872,0.010376797906012654,879,1,1.0,,,0.015868342081084834,1.5547707080841064,81.68728256225586,,,,
45351,0.010354991316680405,479,3,1.0,,,0.008654077348764978,0.8274946212768555,82.53410744667053,,,,
45797,0.010326142999721922,446,0,1.0,,,0.008047125960001721,0.7368936538696289,83.28819346427917,,,,
46785,0.010418810283673212,988,4,1.0,,,0.01783219299977645,1.7176833152770996,85.01743912696838,,,,
47062,0.01035268873904786,277,0,1.0,,,0.004996843624394389,0.4576146602630615,85.4942238330841,,,,
47462,0.0103148586721109,400,1,1.0,,,0.007212793183280156,0.7160356044769287,86.22036743164062,,,,
47687,0.010240364291502848,225,1,1.0,,,0.0040573307010345104,0.4092073440551758,86.63927960395813,,,,
48141,0.010216193083002614,454,6,1.0,,,0.008185811568982902,0.7800545692443848,87.42873930931091,,,,
48808,0.010237325120901383,667,1,1.0,,,0.012033548342296854,1.1797876358032227,88.61911249160767,,,,
49193,0.01019946539338314,385,1,1.0,,,0.006943528826814142,0.6703276634216309,89.30441641807556,,,,
49505,0.010147550210147693,312,6,1.0,,,0.005630929268663747,0.5507452487945557,89.86521911621094,,,,
50566,0.010153208871140703,1061,4,0.9998508048539114,0.11161246485434116,0.053619034588336945,0.010651171038525694,7.474905729293823,97.35109949111938,,,,
51447,0.0100406963296161,881,2,0.9990040600000002,0.0005494911860957721,0.053653690963983536,2.7080133926347132e-05,10.113713264465332,119.77523636817932,,,,
51899,0.009930528250130384,452,1,0.9983442250000002,0.0005739735481458611,0.05358104407787323,1.5401096416098884e-05,5.165807723999023,124.95832586288452,,,,
52610,0.009822835196411079,711,3,0.99776854,0.000582742389459317,0.053589873015880585,2.2767307954154606e-05,8.153883457183838,133.12327909469604,,,,
53500,0.009717506411119492,890,4,0.9969760450000001,0.0006382002205612054,0.05356605723500252,2.7258164293471035e-05,10.368931293487549,143.50494647026062,,,,
54529,0.00961437576258106,1029,7,0.9960261400000001,0.0006404708998645803,0.053591612726449966,2.322544850699158e-05,11.827303409576416,155.34765148162842,,,,
54770,0.009513255681329753,241,3,0.9953974900000002,0.0007762805573293008,0.053575288504362106,7.968043706796377e-06,2.7860217094421387,158.1525363922119,,,,
55296,0.009414347347175106,526,1,0.9950178250000001,0.0006043700844321678,0.05361663177609444,1.8055602483855187e-05,6.078619956970215,164.24166345596313,,,,
55548,0.009317381741706406,252,8,0.9946327150000002,0.0006214022955221141,0.053636420518159866,8.683616711095965e-06,2.933751344680786,167.19262290000916,,,,
56014,0.009222459505018661,466,8,0.994277305,0.000605832080227315,0.05360393226146698,1.5002546307414377e-05,5.346753358840942,172.54755568504333,,,,
56393,0.009129423682955683,379,7,0.99385903,0.0006663819582151163,0.05345664918422699,1.1913120783901834e-05,4.454803943634033,177.01224422454834,,,,
56887,0.009038281931964522,494,2,0.9934268950000001,0.0006473581305321798,0.053583260625600815,1.5248583839593259e-05,5.724504232406616,182.74625849723816,,,,
57465,0.00889609687001948,578,4,0.992896255,0.0006908040447673544,0.05359695106744766,1.7218148948359164e-05,6.920018911361694,190.48153972625732,,,,
57916,0.00881426282161194,451,7,0.9923869000000002,0.0006755368262504763,0.05360972881317139,1.4813020600286099e-05,5.16817831993103,195.6596803665161,,,,
58668,0.008696909774211108,752,1,0.991791415,0.00061464776958509,0.05367099121212959,2.2518496901966517e-05,8.701175212860107,204.36904048919678,,,,
59313,0.008538420181323338,645,0,0.9910999000000001,0.0005908105901507223,0.05357036367058754,2.041657666381978e-05,7.537053346633911,211.91704535484314,,,,
59790,0.008479949371735483,477,4,0.99054451,0.0005973481012311095,0.05364444851875305,1.641685491222232e-05,5.459588050842285,217.39270687103271,,,,
60455,0.008442212299143647,665,1,0.98997922,0.01931693475634867,0.7553766965866089,1.514709138518811e-05,7.645899295806885,225.04808712005615,,,,
60806,0.008306931102036013,351,2,0.9894763000000001,0.008692484392998844,1.0843089818954468,1.1298345843897548e-05,4.0070226192474365,229.06624746322632,,,,
61844,0.008147228545139,1038,6,0.9887887450000001,0.007792570800709531,1.0848064422607422,2.8976454393614415e-05,12.110819101333618,241.1869387626648,,,,
62441,0.008104419059831012,597,1,0.9879794200000002,0.007832291966622263,1.0843713283538818,1.6452547712333405e-05,6.91012716293335,248.1170837879181,,,,
62773,0.008067018926796083,332,5,0.987519565,0.0060549620931286754,1.0839632749557495,1.0771962090529996e-05,4.711603403091431,252.83686590194702,,,,
63299,0.007993214000282977,526,5,0.987094855,0.008019778975842488,1.0844351053237915,1.4901319344744464e-05,7.716206789016724,260.56313252449036,,,,
64049,0.007903502237264569,750,1,0.986463235,0.005943096273367957,1.0846989154815674,1.8821062274128072e-05,11.123475790023804,271.7131543159485,,,,
64433,0.007805071881110234,384,7,0.9859019050000001,0.00605285697909292,1.0845719575881958,1.0684142669106224e-05,5.631954908370972,277.3614001274109,,,,
65016,0.007555487053211829,583,3,0.9854232400000001,0.0052065500468544594,1.0849182605743408,1.2811250019808532e-05,9.12024450302124,286.49320793151855,,,,
65271,0.007416473216466015,255,5,0.98500843,0.008917310533478833,1.0844594240188599,7.424596353757806e-06,3.733813762664795,290.2372622489929,,,,
67546,0.017328789373866484,2275,2,0.9837560800000003,0.006362953450833297,1.0844346284866333,1.0000380093650285,36.330567598342896,326.5801281929016,,,,
68022,0.017254501632432993,476,2,0.9823943350000002,0.006600606784971915,1.0841281414031982,1.2994173436027262e-05,6.776151657104492,333.420866727829,,,,
68369,0.017104743995284354,347,5,0.9819869500000001,0.006772174696742211,1.0846314430236816,9.338888813772425e-06,4.744976282119751,338.175790309906,,,,
68638,0.01687392307193227,269,5,0.9816820300000001,0.00800252561142767,1.0849281549453735,6.928636466341232e-06,3.746748924255371,341.9317045211792,,,,
68974,0.016828749180604716,336,2,0.981382555,0.008097804483898149,1.0837713479995728,1.0046299199757414e-05,4.596476793289185,346.54319882392883,,,,
69364,0.01678686749082963,390,4,0.9810231850000002,0.005495291484531454,1.0844184160232544,9.982821410403625e-06,5.496551513671875,352.050390958786,,,,
69804,0.016738673422442656,440,3,0.9806123350000001,0.007438007137747575,1.084207534790039,1.0734846972582095e-05,6.101227760314941,358.164005279541,,,,
70135,0.016614033865608262,331,2,0.98023069,0.045000879350378616,1.5201935768127441,8.37135148117341e-06,4.6694042682647705,362.84589862823486,,,,
70592,0.016567810706890253,457,1,0.97984063,0.019386965249482867,2.1666836738586426,1.060193377384168e-05,6.384887933731079,369.24913120269775,,,,
71087,0.016426280597188855,495,8,0.9793693900000002,0.01712579647422047,2.1668074131011963,1.251508675522927e-05,6.196112871170044,375.453551530838,,,,
71936,0.016261806980618486,849,8,0.9787041100000001,0.018877104778114454,2.1667582988739014,1.4890907924609574e-05,10.614206075668335,386.0807571411133,,,,
72276,0.016135410446041012,340,3,0.978115555,0.02208189527843501,2.1668548583984375,8.030699380014994e-06,4.1916749477386475,390.2842676639557,,,,
72698,0.016098946518732896,422,8,0.9777383650000001,0.015670847800922476,2.167445421218872,1.1091136325376288e-05,5.238282203674316,395.5301847457886,,,,
73083,0.015973465049482733,385,5,0.9773388999999999,0.020599091894668905,2.166483163833618,1.0097186698203586e-05,4.859691381454468,400.39939069747925,,,,
73327,0.015904079348400654,244,7,0.9770275450000001,0.012791734497062439,2.1663172245025635,6.623264458767153e-06,3.2062323093414307,403.61409068107605,,,,
73787,0.01577622426227895,460,6,0.9766790650000001,0.015962424152615087,2.1662633419036865,1.1682214216079954e-05,6.042271137237549,409.6710641384125,,,,
74598,0.015733496706827308,811,1,0.97604992,0.018110523272266088,2.167562484741211,1.935031607672502e-05,10.86624550819397,420.5471568107605,,,,
74878,0.015574145666636063,280,6,0.975509875,0.013971779774782056,2.1669273376464844,7.031526067748924e-06,3.5571465492248535,424.1173138618469,,,,
75855,0.015537933310997863,977,3,0.97488766,0.01835872681376697,2.1674509048461914,2.1912322212074272e-05,12.170178890228271,436.2957875728607,,,,
76688,0.01546261405724035,833,0,0.9739917100000001,0.01602434597517748,2.166779041290283,2.0050978109793523e-05,10.636033773422241,446.94843316078186,,,,
77103,0.015296376252368632,415,8,0.9733739500000002,0.01705973486943113,2.1667096614837646,9.307836115795e-06,5.139989852905273,452.100172996521,,,,
77756,0.01517136371894466,653,1,0.9728452900000001,0.019479993110769343,2.1669230461120605,1.548119597032383e-05,8.26090669631958,460.3723485469818,,,,
78475,0.015083240890011444,719,0,0.9721661500000001,0.01632443826914358,2.167010545730591,1.5179648781895603e-05,8.89424204826355,469.2776069641113,,,,
79051,0.014862183493308473,576,7,0.971525125,0.01484170568648641,2.167252779006958,1.1059438620009132e-05,7.20032262802124,476.4890949726105,,,,
79522,0.01481251429680982,471,1,0.97100686,0.02023694294887063,2.167482376098633,1.0567185694299041e-05,5.968959808349609,482.4680781364441,,,,
79774,0.014705682198097586,252,3,0.970648975,0.01392106831246639,2.1671504974365234,6.324000841004813e-06,3.3804526329040527,485.8589437007904,,,,
80687,0.014591307037793495,913,6,0.9700723000000001,0.03434561463982603,2.9228856563568115,1.459547945216856e-05,12.459579944610596,498.3267080783844,,,,
81254,0.014520274905042827,567,1,0.9693397000000001,0.028216664916824792,3.1745171546936035,1.1805042641981344e-05,7.67899489402771,506.0224630832672,,,,
81662,0.01439068380290375,408,0,0.9688570750000002,0.029653181405964995,3.1734094619750977,9.704744677492267e-06,5.336112022399902,511.368168592453,,,,
82260,0.014338818429715969,598,4,0.968359105,0.023381194925211648,3.1737613677978516,1.0498991786676018e-05,7.526481628417969,518.9054334163666,,,,
82761,0.01421602938392123,501,8,0.9678151000000002,0.025677045348333198,3.174316167831421,1.1265419994970217e-05,6.224281311035156,525.142391204834,,,,
83221,0.014157534561533965,460,7,0.9673394050000002,0.025990195131207174,3.174473285675049,1.0413649989686749e-05,5.772888898849487,530.9252436161041,,,,
83747,0.014075569384113853,526,2,0.966851335,0.01932248316685577,3.1735098361968994,1.2620969670251713e-05,6.7688446044921875,537.7021090984344,,,,
84332,0.01395776443676748,585,5,0.9663013900000001,0.024215017669812725,3.174435615539551,1.1076099247020458e-05,7.767525911331177,545.4809412956238,,,,
85048,0.013915698612156621,716,3,0.9656573950000001,0.02964277622794494,3.1735663414001465,1.4802933835653667e-05,9.650442123413086,555.1425306797028,,,,
85790,0.013813056676340916,742,8,0.964935685,0.025489605672681263,3.1747677326202393,1.4262028816460785e-05,10.118906259536743,566.2811493873596,,,,
87419,0.01372038366941294,1629,5,0.9637620400000001,0.028660268956742452,3.1739354133605957,2.269243524324339e-05,20.672580003738403,586.9663815498352,,,,
87710,0.01361970225518551,291,7,0.9628116400000002,0.017722273542516678,3.174271821975708,6.4332696649671515e-06,3.7170820236206055,590.7084686756134,,,,
88219,0.013513155140446381,509,5,0.96241564,0.025717538840537492,3.1731154918670654,1.0119542997699688e-05,6.595335483551025,597.3107297420502,,,,
88395,0.013457993163319682,176,0,0.9620765650000002,0.028236551016846648,3.1720244884490967,3.993577745973197e-06,2.3391246795654297,599.6583209037781,,,,
88648,0.013322832881097117,253,7,0.96186421,0.014396697631632883,3.1743578910827637,5.87760088876621e-06,3.48254656791687,603.1488335132599,,,,
89019,0.01320928999422719,371,2,0.96155533,0.02492605244937962,3.1745715141296387,8.128904743216478e-06,4.923325061798096,608.0828030109406,,,,
89291,0.01306826030180725,272,0,0.9612370450000001,0.017008501363521,3.1721465587615967,5.884300717298175e-06,3.5249099731445312,611.6176068782806,,,,
90000,0.013004624876798165,709,7,0.9607514500000002,0.024161086841738556,3.174342393875122,1.3475785240189004e-05,9.935324430465698,621.5641453266144,,,,
90319,0.012861956186462185,319,8,0.96024259,0.07133266926414311,4.277574062347412,6.8113450845430624e-06,4.125596284866333,625.7108614444733,,,,
90719,0.012760159605360553,400,7,0.9598866850000001,0.03387011213072887,4.276861190795898,9.014008657004527e-06,5.159795522689819,630.8860726356506,,,,
91244,0.012726135193191539,525,0,0.9594288100000001,0.028372875201850598,4.279459476470947,9.133040869073746e-06,6.9250123500823975,637.820823431015,,,,
91752,0.012583531671988824,508,2,0.9589174750000001,0.031315435617832156,4.277778148651123,1.0989715575533402e-05,6.417090654373169,644.2471897602081,,,,
92538,0.01245224064491906,786,5,0.958276945,0.02757540046399229,4.276117324829102,1.3293410351593593e-05,10.23323392868042,654.4892733097076,,,,
93274,0.01235717270563205,736,0,0.9575235550000001,0.033318569500081954,4.278343677520752,1.3782914359694579e-05,9.40602159500122,663.9070811271667,,,,
94550,0.012255880712539323,1276,0,0.9565276150000002,0.026047813842039507,4.2775797843933105,1.7969372451034353e-05,16.614994287490845,680.5351574420929,,,,
95447,0.012132887956478749,897,5,0.9554519800000001,0.02807378763137667,4.278116226196289,1.6307099138543886e-05,11.826696634292603,692.3908250331879,,,,
96496,0.01200117457375418,1049,8,0.95448871,0.02782069061411919,4.2762885093688965,1.8595262720282372e-05,14.084991216659546,706.4902894496918,,,,
96975,0.011934456713114333,479,2,0.9537323500000001,0.02429053074982231,4.277339458465576,8.737434231989028e-06,6.3918843269348145,712.8986554145813,,,,
97776,0.011812383312926823,801,6,0.95309875,0.03303893107508122,4.2778778076171875,1.4567952210313706e-05,10.209527254104614,723.1189970970154,,,,
98543,0.011763109073110489,767,5,0.9523225900000001,0.03044953400271792,4.279013156890869,1.3934958344066225e-05,9.546046495437622,732.6852471828461,,,,
98836,0.011648119768938307,293,5,0.9517978900000001,0.019464201487649047,4.278739929199219,6.1758838285186355e-06,3.652733325958252,736.3484959602356,,,,
99406,0.011532046666290454,570,2,0.9513707050000002,0.03233678441165679,4.27880859375,1.0130306059181741e-05,7.32088565826416,743.6772794723511,,,,
100510,0.011483909070162113,1104,4,0.9505420750000001,0.04263458670498544,4.707951545715332,1.619405976299503e-05,14.43614935874939,758.1243331432343,,,,
101152,0.011372897835664015,642,6,0.9496778050000002,0.03462695959216952,5.211359977722168,1.3438093990316709e-05,8.374370098114014,766.518373966217,,,,
101489,0.0112636283672238,337,7,0.9491932000000001,0.04611856441120383,5.2112250328063965,6.678414018210789e-06,6.272448539733887,1295.2690861225128,,,,
102261,0.011112891413211354,772,7,0.9486442450000001,0.03442991791440069,5.211702823638916,1.2563532634999337e-05,9.38070559501648,1304.670163154602,,,,
102724,0.010954292709896986,463,6,0.9480329200000002,0.029163054105773537,5.209775924682617,8.471749648037984e-06,5.2240753173828125,1309.9038016796112,,,,
103297,0.010867860137136465,573,2,0.9475201000000001,0.02374161364213602,5.21103572845459,1.0820072712363069e-05,6.546264171600342,1316.460701227188,,,,
104074,0.010787518943377013,777,8,0.9468518500000002,0.020664970732276956,5.208907127380371,1.3006584056824982e-05,8.8340744972229,1325.3042857646942,,,,
105006,0.010609339536233754,932,1,0.9460058950000001,0.027063253275698345,5.210537433624268,1.4252285450311326e-05,10.726926803588867,1336.0423080921173,,,,
105459,0.010559459695007625,453,8,0.9453203200000001,0.025423026583654276,5.21030330657959,8.85950178144412e-06,5.204766750335693,1341.257614850998,,,,
106330,0.010487470009795155,871,3,0.9446649400000001,0.034193790495971446,5.211554527282715,1.3824662033243839e-05,9.951510190963745,1351.2218964099884,,,,
106786,0.010446990023977023,456,4,0.9440080750000002,0.03439340540981756,5.21010160446167,9.332119221312501e-06,5.22514271736145,1356.4579932689667,,,,
107142,0.010365208557090581,356,7,0.943606135,0.024919744294959953,5.211184978485107,7.664880338325019e-06,4.063872337341309,1360.531524181366,,,,
108908,0.010245073216665497,1766,6,0.9425557450000002,0.03325575666397702,5.211055278778076,2.0014299788613244e-05,20.395945072174072,1380.9389607906342,,,,
109409,0.010175722885021783,501,3,0.9414335800000001,0.03149321079311065,5.209329605102539,8.49566244255584e-06,5.766721963882446,1386.735909461975,,,,
109837,0.010119485499218457,428,7,0.9409737250000001,0.021190992659509085,5.2114105224609375,7.1906883312067215e-06,4.864534139633179,1391.6089470386505,,,,
110549,0.010013076638285968,712,1,0.9404094250000001,0.050319459377096205,5.989995956420898,1.0284945277021512e-05,8.304567575454712,1399.9224240779877,,,,
111219,0.010012924528470746,670,4,0.9397253350000001,0.03548770919516534,6.223077297210693,1.1869152403960475e-05,7.713538408279419,1407.6471598148346,,,,
111603,0.010012835377051197,384,6,0.939203605,0.03713484354308026,6.225549697875977,6.485954461368241e-06,4.612014532089233,1412.2716808319092,,,,
111931,0.010012674292959503,328,8,0.9388511650000002,0.03223468734047358,6.223599433898926,6.658898784621672e-06,3.7591779232025146,1416.042406320572,,,,
112368,0.010012473059217375,437,6,0.9384724900000001,0.03811522153431945,6.223284721374512,7.134790080840505e-06,5.105905294418335,1421.1593148708344,,,,
112811,0.01001232159832127,443,7,0.9380368900000001,0.0398629429675474,6.217336654663086,8.079358896679872e-06,5.204514026641846,1426.3829197883606,,,,
113129,0.01001230712777993,318,1,0.9376601950000003,0.03904142131246367,6.2251877784729,6.52098957289127e-06,3.726128101348877,1430.1191804409027,,,,
113441,0.010012185059601419,312,2,0.9373483450000001,0.03776690572768216,6.2211995124816895,5.848784632576097e-06,3.568324327468872,1433.69642162323,,,,
113681,0.010012146265404545,240,8,0.937075105,0.05950542080250603,6.220346927642822,4.804197023418058e-06,2.784935235977173,1436.4902985095978,,,,
114211,0.010012087781402022,530,6,0.9366939550000001,0.03860375234657885,6.222685813903809,9.15414605515253e-06,6.1522815227508545,1442.6540551185608,,,,
114639,0.010012033301152358,428,7,0.936219745,0.03012559309848154,6.22129487991333,6.465095817702608e-06,4.92356014251709,1447.5887036323547,,,,
115189,0.010011973632753165,550,2,0.9357356350000001,0.03730015919000906,6.218751907348633,9.281743920155359e-06,6.349414825439453,1453.9500405788422,,,,
115756,0.010011902261378937,567,1,0.9351827200000001,0.047855035304139246,6.225138187408447,1.0081011525358003e-05,6.689634323120117,1461.5468847751617,,,,
116182,0.010011831248259209,426,8,0.9346911850000003,0.03650906910580209,6.226260185241699,7.71170862776671e-06,4.980748891830444,1466.5378739833832,,,,
117739,0.010011842176696175,1557,1,0.9337096000000001,0.03391430774745919,6.223438262939453,2.3611340598677105e-05,18.29160237312317,1484.8406219482422,,,,
118420,0.010011755816566327,681,2,0.9326017900000001,0.03356435704715199,6.223355293273926,1.1780563679053543e-05,7.985321521759033,1492.8389918804169,,,,
118893,0.010011672414610755,473,2,0.9320305600000002,0.04158928592304792,6.222256183624268,8.076659354969705e-06,5.798072814941406,1498.649650335312,,,,
119258,0.010011587467949168,365,8,0.9316157500000002,0.037668053006115955,6.220528602600098,6.6524252264343855e-06,4.3315794467926025,1502.9904267787933,,,,
119648,0.010011548544369378,390,1,0.9312420250000001,0.038930319671404534,6.223995685577393,7.405987864785856e-06,4.561697721481323,1507.562932729721,,,,
120328,0.010011376701823695,680,2,0.9307123750000001,0.06906303258527532,6.702277660369873,1.1792199825606516e-05,7.992405652999878,1515.5657713413239,,,,
121109,0.010011331657263992,781,2,0.92998918,0.03892074052537619,7.219632148742676,1.1948091741942342e-05,9.134733438491821,1524.7153294086456,,,,
121417,0.010011283690283836,308,6,0.929450125,0.03447892283298435,7.218656539916992,5.975264074891131e-06,3.6761579513549805,1528.403326511383,,,,
122040,0.010011233673250545,623,0,0.9289892800000001,0.053451650443638116,7.21820068359375,9.899616015900394e-06,7.356968402862549,1535.769297361374,,,,
122378,0.010011103763746549,338,0,0.9285135850000001,0.021491174347743038,7.217007637023926,5.830111874161043e-06,3.9234235286712646,1539.7019975185394,,,,
122818,0.010011078455823575,440,0,0.9281284750000002,0.03818992339109888,7.217632293701172,8.15335037202659e-06,5.210902690887451,1544.9228565692902,,,,
123261,0.010011036345510054,443,3,0.9276913900000001,0.04567609656711917,7.216027736663818,8.600218667424995e-06,5.298914432525635,1550.2323455810547,,,,
124129,0.010011094247606751,868,2,0.927042445,0.044266594531593,7.214208126068115,1.3214806023711394e-05,10.27279806137085,1560.5152394771576,,,,
124517,1.0785462180206197e-05,388,7,0.926420725,0.02522938503164485,7.220306873321533,7.130822373824232e-06,4.63458514213562,1565.161964416504,,,,
124873,1.0723238199204844e-05,356,6,0.9260524450000002,0.04477381205666443,7.220808506011963,6.771775335892018e-06,4.2110655307769775,1569.3823637962341,,,,
125827,1.0765657432128253e-05,954,0,0.9254039950000001,0.044431183339619665,7.216279029846191,1.3580812106113167e-05,11.280065059661865,1580.6722152233124,,,,
126085,1.0741202836888422e-05,258,6,0.9248040550000001,0.043064868424692725,7.218179225921631,4.483176942358111e-06,3.0705032348632812,1583.7552418708801,,,,
126951,1.07695514166295e-05,866,1,0.9242476750000002,0.03895023780693578,7.217254638671875,1.2881157173865173e-05,10.240278244018555,1594.0066237449646,,,,
127682,1.078021513543206e-05,731,4,0.92345716,0.047572257424649315,7.220323085784912,1.10491932906598e-05,8.68253469467163,1602.7008380889893,,,,
128225,1.0759556201875855e-05,543,1,0.92282653,0.042748082447526946,7.216558933258057,8.668953616961519e-06,6.441172361373901,1609.1548655033112,,,,
128867,1.0773801663694375e-05,642,4,0.9222399550000002,0.04460127753385071,7.217556953430176,9.79589766302524e-06,7.544477224349976,1616.7086033821106,,,,
129309,1.0738632917050952e-05,442,8,0.9217033750000002,0.04901407923045063,7.216456890106201,7.085059109499522e-06,5.158961772918701,1621.8783547878265,,,,
129867,1.070958571058043e-05,558,3,0.9212083750000001,0.04719357325179542,7.213705539703369,9.610366108176997e-06,6.580324649810791,1628.470193862915,,,,
130690,1.0682769883302968e-05,823,7,0.9205247800000002,0.07216805341308676,8.035619735717773,1.2209325196863593e-05,9.696491718292236,1638.1770889759064,,,,
131319,1.0702101511415662e-05,629,0,0.91980604,0.05115960381131868,8.196284294128418,9.963862191284541e-06,7.365245580673218,1645.552586555481,,,,
131974,1.0707464745897256e-05,655,7,0.91917046,0.04695886525467132,8.18812084197998,1.1627459773535519e-05,7.648897409439087,1653.213119983673,,,,
132440,1.0682853670746797e-05,466,2,0.9186155650000001,0.05688321642196893,8.191424369812012,7.636079183157563e-06,5.456484794616699,1658.6812372207642,,,,
132649,1.0654280301199035e-05,209,4,0.9182814400000001,0.05400304994038426,8.194315910339355,3.7659275039914065e-06,2.4738597869873047,1661.1798784732819,,,,
133012,1.0596798731248215e-05,363,4,0.9179983000000002,0.05681898955625887,8.190969467163086,5.934057220997599e-06,4.23994255065918,1665.4282751083374,,,,
133654,1.0506758963671814e-05,642,6,0.9175008250000001,0.046871427138143594,8.190319061279297,1.0346339319085029e-05,7.593792200088501,1673.0334024429321,,,,
134007,1.050034542363676e-05,353,8,0.9170083000000001,0.06003197483868912,8.197979927062988,6.390172064243415e-06,4.106966018676758,1677.1523060798645,,,,
134638,1.038029793571411e-05,631,5,0.9165212200000001,0.04744881211662778,8.188337326049805,9.907573419809521e-06,7.472705364227295,1684.634381055832,,,,
135027,1.024456603603028e-05,389,8,0.91601632,0.038168791477901295,8.189979553222656,6.477788141410198e-06,4.5736610889434814,1689.2202699184418,,,,
135422,1.0206957678886397e-05,395,5,0.9156282400000001,0.053050845691188966,8.186919212341309,5.547000401406876e-06,4.6351072788238525,1693.8639240264893,,,,
135862,1.0123636300599514e-05,440,1,0.9152149150000001,0.05030377088761372,8.18619155883789,7.149058141635572e-06,5.1967408657073975,1699.0719530582428,,,,
136293,1.0036743081238341e-05,431,7,0.9147837700000001,0.04912046906959894,8.190272331237793,6.49032684577833e-06,5.0014564990997314,1704.083914756775,,,,
136779,9.998608929655007e-06,486,8,0.9143298550000001,0.047652528706670354,8.191217422485352,7.246023461675579e-06,5.603852987289429,1709.6970930099487,,,,
137160,9.946293157423725e-06,381,6,0.9139006900000003,0.05502104395054631,8.193635940551758,5.335608471170874e-06,4.487864971160889,1714.195027589798,,,,
137617,9.940291366586965e-06,457,3,0.9134858800000002,0.037790173646875015,8.191370010375977,5.72382175732855e-06,5.267114162445068,1719.4705939292908,,,,
138044,9.859113315712878e-06,427,8,0.9130483,0.02976240949657613,8.196154594421387,6.477674364759871e-06,5.018228769302368,1724.499166727066,,,,
138855,9.870625465498508e-06,811,6,0.9124354900000001,0.047836937062668734,8.194768905639648,1.2956257620544422e-05,9.570512533187866,1734.0820186138153,,,,
139317,9.852750154561818e-06,462,5,0.911805355,0.06140578420849703,8.189577102661133,7.917213583823476e-06,5.3627026081085205,1739.4546792507172,,,,
139655,9.811890970598824e-06,338,1,0.9114093550000001,0.04426836478570107,8.197023391723633,6.413073390376668e-06,3.9286811351776123,1743.3975296020508,,,,
140132,9.769954912218282e-06,477,1,0.9110059300000001,0.07003415276455968,8.462794303894043,7.071814156915934e-06,5.635752439498901,1749.0427505970001,,,,
140664,9.757384103795631e-06,532,1,0.9105064750000001,0.05304880941929739,9.188522338867188,9.156569147421585e-06,6.263738393783569,1755.3181965351105,,,,
141480,9.762389715774589e-06,816,3,0.9098392150000002,0.05246445765975743,9.188667297363281,1.3121530868147608e-05,9.727963924407959,1765.0573914051056,,,,
142478,9.796593802218468e-06,998,6,0.9089412850000002,0.056097315493811105,9.190584182739258,1.4496507891408333e-05,11.90373420715332,1776.9724352359772,,,,
143061,9.729940709922858e-06,583,3,0.9081586900000002,0.061673087212048006,9.19524097442627,8.137624606092684e-06,6.984596490859985,1783.9705011844635,,,,
143406,9.644276907056339e-06,345,5,0.9076993300000001,0.057997003804563824,9.213505744934082,5.695648529808752e-06,4.193655967712402,1789.0366897583008,,,,
143950,9.492985367751319e-06,544,0,0.9072592750000001,0.04170428260179689,9.186216354370117,7.563281312741316e-06,6.6036412715911865,1795.6524946689606,,,,
144543,9.519990610738207e-06,593,3,0.9066964599999999,0.03998215560009144,9.200708389282227,9.133793963655972e-06,6.918620824813843,1802.5837206840515,,,,
145093,9.503260842660666e-06,550,0,0.906130675,0.0697486988048897,9.199075698852539,8.446566189945776e-06,6.604641437530518,1809.2121541500092,,,,
145774,9.56406734401867e-06,681,0,0.90552133,0.06144887427046128,9.195930480957031,1.007422788177336e-05,8.091599225997925,1817.3156826496124,,,,
146169,9.569754211844384e-06,395,3,0.9049887100000001,0.03845708036672964,9.201881408691406,6.446287671337817e-06,4.711885929107666,1822.0396332740784,,,,
146590,9.562154455437622e-06,421,4,0.90458479,0.06461661642099478,9.19714069366455,7.36892910254028e-06,4.982635259628296,1827.0319049358368,,,,
147129,9.581419952553462e-06,539,2,0.9041095900000001,0.04489905472294861,9.208619117736816,7.810850428882092e-06,6.284137487411499,1833.3245542049408,,,,
147489,9.503487357613948e-06,360,3,0.9036645850000001,0.04927061454200381,9.197447776794434,5.682525746237842e-06,4.198321104049683,1837.5330305099487,,,,
147875,9.493902715558988e-06,386,6,0.9032953150000002,0.04924780535246235,9.195117950439453,5.852880879047007e-06,4.494937896728516,1842.0394520759583,,,,
148334,9.481255924680455e-06,459,5,0.9028770400000001,0.049214150103209495,9.19637393951416,7.74932956915109e-06,5.421337842941284,1847.4707396030426,,,,
148886,9.478030050138387e-06,552,8,0.9023765950000001,0.05464002659389503,9.2025785446167,8.810453414866962e-06,6.547163724899292,1854.0302774906158,,,,
149268,9.422298796675933e-06,382,5,0.901914265,0.06647760510437635,9.192254066467285,5.416590229287977e-06,4.526616334915161,1858.5690081119537,,,,
149717,9.358735994396739e-06,449,8,0.9015029200000001,0.0658939985430426,9.177701950073242,6.937130123674252e-06,5.320651531219482,1863.8989715576172,,,,
150151,9.28311016061798e-06,434,8,0.901065835,0.06656968960090091,9.530180931091309,6.220330981818742e-06,5.105140686035156,1869.0152401924133,,,,
150344,9.139425481242824e-06,193,3,0.9007554700000002,0.09333642899711318,10.17943000793457,3.600904513518799e-06,2.307441473007202,1871.3335840702057,,,,
150689,9.033965507916264e-06,345,5,0.9004891600000002,0.05177787236793531,10.170923233032227,5.761101805887849e-06,4.029325008392334,1875.372657775879,,,,
151284,8.933274500299148e-06,595,8,0.9000238600000001,0.07219251797612308,10.173989295959473,8.526161958570808e-06,7.022836685180664,1882.4046652317047,,,,
151686,8.90954400656483e-06,402,0,0.8995303450000001,0.08687554491334595,10.173554420471191,6.364384858557061e-06,4.8143837451934814,1890.4233539104462,,,,
151942,8.805144093270201e-06,256,6,0.899204635,0.06752873527794792,10.172950744628906,4.127960880850881e-06,3.0027058124542236,1893.4373681545258,,,,
152596,8.762353634637065e-06,654,5,0.898754185,0.05916648106677912,10.16928768157959,9.655912480752702e-06,7.712224006652832,1901.1609635353088,,,,
153363,8.808837278900228e-06,767,8,0.89805079,0.056120443172547524,10.17625904083252,1.0824248254834856e-05,8.991406679153442,1910.1630601882935,,,,
153745,8.771584826803292e-06,382,5,0.8974820350000001,0.04815269761632037,10.17048168182373,6.40506084948811e-06,4.456812858581543,1914.6314482688904,,,,
154153,8.671665459812062e-06,408,3,0.8970909850000001,0.060159806512886646,10.170690536499023,6.2021230638720185e-06,4.789448022842407,1919.4308972358704,,,,
154836,8.630680056378993e-06,683,0,0.89655094,0.08007789106390248,10.170778274536133,9.339553647009782e-06,8.106075048446655,1927.5487043857574,,,,
155174,8.625707860289823e-06,338,7,0.8960455450000001,0.05721642290551224,10.175877571105957,6.181194409293769e-06,3.997023820877075,1931.558580160141,,,,
155744,8.586589742918703e-06,570,6,0.8955960850000001,0.07318827474765514,10.178427696228027,8.651720897887569e-06,6.911054611206055,1938.4788837432861,,,,
156056,8.553350467110478e-06,312,0,0.895159495,0.07188466795872063,10.18539810180664,5.1478220672152054e-06,3.7096123695373535,1942.2007174491882,,,,
156503,8.5269540798663e-06,447,8,0.8947837900000001,0.0747245693583045,10.179308891296387,8.18043398794543e-06,5.211113452911377,1947.4221029281616,,,,
157080,8.477144382237611e-06,577,6,0.8942769100000002,0.04133988903947817,10.170821189880371,8.025614293956103e-06,6.909093618392944,1954.342069387436,,,,
158247,8.497939358801432e-06,1167,1,0.8934136300000001,0.061793999296827114,10.169208526611328,1.633178310669336e-05,13.716429710388184,1968.0707998275757,,,,
159236,8.492369591158423e-06,989,4,0.8923464100000003,0.04572253989236843,10.181356430053711,8.302525017143136e-06,11.736310958862305,1979.8211455345154,,,,
159520,8.398242617789721e-06,284,7,0.8917162750000001,0.04660867092510064,10.168362617492676,4.411964696373617e-06,3.3802318572998047,1983.2149832248688,,,,
159795,8.347297940656518e-06,275,3,0.89143957,0.08820923506563798,10.1685209274292,4.237651507992269e-06,3.219970226287842,1986.4452226161957,,,,
160135,8.32852102812467e-06,340,4,0.891135145,0.10488016283629598,10.515179634094238,5.787189085140198e-06,4.005483388900757,1990.4601755142212,,,,
160465,8.182591550553298e-06,330,4,0.8908034950000001,0.070009422206745,11.04341983795166,5.421352031476087e-06,3.9069323539733887,1994.3763093948364,,,,
160853,8.165255365014444e-06,388,6,0.8904480850000001,0.058726154377935755,11.035593032836914,6.762043888670637e-06,4.573804616928101,1998.9592456817627,,,,
161345,8.163656827332488e-06,492,2,0.8900124850000001,0.06772775026336952,11.045005798339844,7.030834563011009e-06,5.8733742237091064,2004.8447997570038,,,,
161996,8.126411365591935e-06,651,5,0.8894467,0.07508745325469597,11.038944244384766,6.560399102966124e-06,7.641285419464111,2012.4975230693817,,,,
162893,8.102944724248575e-06,897,0,0.88868044,0.06114051933123153,11.037798881530762,9.522488269624327e-06,10.45541262626648,2022.9660189151764,,,,
163587,8.140468302866568e-06,694,5,0.8878928950000001,0.06306771959872605,11.045714378356934,1.023831232316752e-05,8.194939374923706,2031.173382282257,,,,
164200,8.153159344277585e-06,613,7,0.8872459300000001,0.07315293643319534,11.03920841217041,7.928002925723373e-06,7.302257537841797,2038.4977133274078,,,,
164523,8.136549537772453e-06,323,7,0.8867826100000001,0.08226593500843996,11.055119514465332,5.473809430327492e-06,3.7947487831115723,2042.3029420375824,,,,
165499,8.18165873597536e-06,976,3,0.886139605,0.05997177158074813,11.046650886535645,1.2590278716970713e-05,11.542748212814331,2053.860771179199,,,,
166012,8.18921088634852e-06,513,3,0.8854025500000001,0.04823582678929799,11.050743103027344,7.276204610207055e-06,6.15345573425293,2060.0261356830597,,,,
166264,8.171592667454776e-06,252,5,0.8850238750000001,0.07630532822404154,11.048503875732422,4.086962743201639e-06,3.031174421310425,2063.0673401355743,,,,
166703,8.19066903373198e-06,439,6,0.8846818300000001,0.06137502048958272,11.043360710144043,6.711833651138478e-06,5.166973829269409,2068.2452347278595,,,,
167117,8.167837885721953e-06,414,7,0.8842595950000002,0.06715861829067381,11.047005653381348,6.871031254149782e-06,4.926851749420166,2073.1815502643585,,,,
167540,8.175248360745968e-06,423,2,0.8838452800000002,0.06980517836833329,11.050387382507324,7.206143320104275e-06,5.249440908432007,2078.4406037330627,,,,
168398,8.19005645825257e-06,858,4,0.8832111850000001,0.0790136209337296,11.041661262512207,1.0762553670815588e-05,10.323095321655273,2088.7736394405365,,,,
168657,8.132688094352147e-06,259,0,0.8826582700000001,0.0720472389840099,11.029354095458984,4.344175135315709e-06,3.26417875289917,2092.9137403964996,,,,
169082,8.123845168685763e-06,425,5,0.88231969,0.06319305560096661,11.050980567932129,6.827416061128132e-06,5.0952982902526855,2098.0181033611298,,,,
169537,7.953249536652151e-06,455,6,0.8818840900000001,0.07722347294553192,11.056665420532227,6.551777395316094e-06,5.406877279281616,2103.436297416687,,,,
170133,7.929127307457407e-06,596,8,0.881363845,0.09877188249677281,11.266583442687988,9.368340759579048e-06,7.025208950042725,2110.472263097763,,,,
170646,7.916658422990964e-06,513,3,0.8808148900000001,0.08630075291734504,12.027117729187012,6.82977090832538e-06,6.0922064781188965,2116.5738492012024,,,,
171025,7.907872894222124e-06,379,7,0.8803733500000002,0.09501259636286405,12.023818969726562,5.773872349550402e-06,4.557841777801514,2121.143809080124,,,,
171499,7.90244304221517e-06,474,8,0.879951115,0.05762696858072784,12.021738052368164,6.863002664090348e-06,5.579951524734497,2126.733655691147,,,,
171965,7.855750779100392e-06,466,5,0.879485815,0.07813732518442154,12.025460243225098,7.122973514128711e-06,5.522078990936279,2132.265499830246,,,,
172465,7.8226698524702e-06,500,6,0.8790076450000002,0.06638070165521154,12.015277862548828,8.639999078923212e-06,6.057751178741455,2138.334286928177,,,,
172914,7.8363664680694e-06,449,4,0.8785378900000002,0.06873607941919804,12.023223876953125,7.3449256348112545e-06,5.30258846282959,2143.647608280182,,,,
173620,7.832803304643221e-06,706,5,0.877966165,0.0885021862048043,12.02294635772705,9.543299673282495e-06,8.28559923171997,2151.943475961685,,,,
174089,7.841033531315133e-06,469,0,0.8773845400000001,0.06423235747473206,12.018922805786133,6.653134541352298e-06,5.487767934799194,2157.441272497177,,,,
174731,7.854005147009956e-06,642,6,0.876834595,0.08987337981654694,12.02330207824707,9.450511941508917e-06,7.585442781448364,2165.0375216007233,,,,
175249,7.841067775854072e-06,518,7,0.8762603950000001,0.07483839558131007,12.0198335647583,7.3064815518364424e-06,6.195241451263428,2171.2439484596252,,,,
175525,7.747984372917926e-06,276,1,0.8758673650000001,0.05992457611807256,12.026384353637695,3.906465730096902e-06,3.2029967308044434,2174.4558374881744,,,,
176154,7.757309835449178e-06,629,3,0.8754193900000001,0.06870521166772493,12.03096866607666,8.06336862694934e-06,7.390881538391113,2181.856264591217,,,,
177007,7.801685203560282e-06,853,7,0.8746858,0.0875835376248749,12.02009105682373,1.1209312147002496e-05,10.02826452255249,2191.8952779769897,,,,
177250,7.702337478505683e-06,243,6,0.8741432800000002,0.08954527690109265,12.021446228027344,3.646039600653239e-06,2.8324532508850098,2194.7382843494415,,,,
177555,7.705153788182884e-06,305,4,0.8738720200000002,0.07096161965923438,12.026639938354492,4.764807910078159e-06,3.6110336780548096,2198.358274936676,,,,
179002,7.702160233159816e-06,1447,8,0.87300478,0.06727836304708705,12.02637767791748,1.2581801671558429e-05,17.17551350593567,2215.5451288223267,,,,
179209,7.626216840074563e-06,207,0,0.8721860499999999,0.11215045855034335,12.022578239440918,3.4548539821344126e-06,2.5149760246276855,2218.072592496872,,,,
179641,7.609896118597703e-06,432,4,0.871869745,0.0853566403920885,12.016544342041016,7.036881469275617e-06,5.111437082290649,2223.1916551589966,,,,
179982,7.563628333784324e-06,341,0,0.8714871100000001,0.0740250535689757,12.024682998657227,5.169119181687163e-06,4.050332307815552,2227.253121137619,,,,
180547,7.572897951084202e-06,565,5,0.8710386400000001,0.10422315745441268,12.97959041595459,8.012020839487381e-06,6.630748987197876,2233.89723610878,,,,
181099,7.554410679674107e-06,552,1,0.8704857250000001,0.10553371917434642,13.00741958618164,7.76163896716753e-06,6.473457098007202,2240.3807079792023,,,,
181545,7.494380393316647e-06,446,8,0.869991715,0.09799989718677742,13.013741493225098,6.2062965611175986e-06,5.350194215774536,2245.743834257126,,,,
182095,7.462891489674917e-06,550,5,0.869498695,0.09484541063825391,13.002800941467285,6.814971827111552e-06,6.543534994125366,2252.2973783016205,,,,
182564,7.414520603114739e-06,469,2,0.8689942900000002,0.09761978747593257,13.00214958190918,6.7903711175176875e-06,5.653477191925049,2257.96364736557,,,,
182883,7.3914537648960294e-06,319,6,0.8686042300000002,0.11299309418988629,13.016556739807129,5.329395361286516e-06,3.6880767345428467,2261.661675930023,,,,
183200,7.401734595524092e-06,317,4,0.8682894100000002,0.11570280026709143,13.039586067199707,4.794010566797627e-06,3.841756582260132,2265.514289855957,,,,
183659,7.409205102018748e-06,459,7,0.8679052900000002,0.08084369119443724,13.003824234008789,6.681107870463166e-06,5.3964338302612305,2270.921206474304,,,,
184199,7.376557488422011e-06,540,2,0.8674107850000001,0.09145030308622147,13.01358699798584,7.08157795941134e-06,6.533194303512573,2277.468353509903,,,,
184510,7.36040075762219e-06,311,2,0.8669895400000002,0.08647376097051529,13.01736831665039,4.774498984261296e-06,3.6788430213928223,2281.1589381694794,,,,
184851,7.322044352699209e-06,341,6,0.8666668000000001,0.09212066440849134,12.99608039855957,6.0719329275116265e-06,4.028759956359863,2285.1984317302704,,,,
187356,7.470144977592953e-06,2505,0,0.8652580300000002,0.08979925318024809,13.01617431640625,2.128785063078456e-05,29.838249683380127,2315.0486419200897,,,,
187623,7.451748421514993e-06,267,5,0.8638858900000002,0.10028418575912112,13.000994682312012,3.7073447936109e-06,3.190237045288086,2318.290534257889,,,,
187971,7.432067574988823e-06,348,2,0.8635814650000002,0.07531877725395833,13.018441200256348,5.18097348901847e-06,4.10032844543457,2322.4022686481476,,,,
188527,7.436285600572036e-06,556,8,0.8631339850000002,0.08302886618303505,13.01826000213623,6.912129404099686e-06,6.59265398979187,2329.0049905776978,,,,
189166,7.445574922319055e-06,639,6,0.8625424600000001,0.08380477165289146,13.011957168579102,8.174955636377484e-06,7.653721570968628,2336.672459125519,,,,
189703,7.473449407798682e-06,537,7,0.8619603400000001,0.07285386250604556,13.00321102142334,8.123057019133748e-06,6.393592119216919,2343.0782539844513,,,,
190620,7.5335204440492024e-06,917,8,0.8612406100000001,0.09574350272451533,13.665423393249512,1.1730925382380513e-05,10.90235686302185,2353.9931950569153,,,,
191043,7.532421402636658e-06,423,8,0.8605773100000002,0.10589446677190681,13.970693588256836,6.367770223505435e-06,4.942585468292236,2358.955621957779,,,,
191347,7.454943466883891e-06,304,0,0.8602174450000002,0.08897765152284341,13.972855567932129,5.208464045267651e-06,3.543268918991089,2362.5090544223785,,,,
191583,7.410627845224839e-06,236,5,0.8599501450000001,0.07287819657769413,13.972394943237305,3.4856514179182335e-06,2.9209227561950684,2365.4394879341125,,,,
192571,7.465099084818405e-06,988,2,0.8593442650000002,0.11295117030223538,13.98801040649414,1.186019734973343e-05,11.657597303390503,2377.1088259220123,,,,
193268,7.489616230436979e-06,697,3,0.8585101900000001,0.09018381021015108,14.000309944152832,9.523528718773375e-06,8.348232984542847,2385.4699790477753,,,,
193522,7.437355686415969e-06,254,3,0.8580394450000002,0.09446268238298057,13.97292423248291,3.930514745320578e-06,2.970465660095215,2388.4513404369354,,,,
193835,7.357123008468136e-06,313,3,0.8577587800000002,0.1336631901012309,13.981249809265137,5.098263073364249e-06,3.7149386405944824,2392.1776897907257,,,,
194696,7.314341023585769e-06,861,5,0.85717765,0.12165888633417088,13.986289024353027,1.021830940317159e-05,10.20071268081665,2402.3896000385284,,,,
195353,7.3291059512897055e-06,657,6,0.8564262400000002,0.10126869299551243,13.981769561767578,9.614117376486321e-06,7.762328147888184,2410.1657814979553,,,,
195697,7.3241518998671045e-06,344,3,0.855930745,0.06326466017927329,13.968708992004395,5.200243387548649e-06,4.197665452957153,2415.296328306198,,,,
196500,7.348280949726416e-06,803,6,0.8553629800000001,0.08558183839346961,13.99298095703125,9.976186298672478e-06,9.479807138442993,2424.7850065231323,,,,
196826,7.307921851885625e-06,326,7,0.854804125,0.09261263876103262,13.971982955932617,5.097884179576791e-06,3.9123857021331787,2428.7094445228577,,,,
197217,7.277179497761212e-06,391,3,0.85444921,0.10438169819321862,13.975842475891113,5.372330777504433e-06,4.705938100814819,2433.425308942795,,,,
198094,7.274408627897346e-06,877,7,0.8538215500000002,0.11061663739017025,13.981846809387207,9.797140895386757e-06,10.269282579421997,2443.7053399086,,,,
198694,7.291865951701483e-06,600,6,0.853090435,0.12426466687185761,13.993461608886719,8.192020051751572e-06,7.1704630851745605,2450.8969235420227,,,,
199562,7.31675297404735e-06,868,1,0.8523637750000002,0.08870377639929453,13.978020668029785,9.85763133712681e-06,10.459291458129883,2461.3667578697205,,,,
199975,7.300814850570705e-06,413,1,0.8517296800000002,0.1221612502972494,13.988256454467773,6.217038081217653e-06,4.931613922119141,2466.3107211589813,,,,
200287,7.288516096262754e-06,312,3,0.8513708050000002,0.15580062007802165,14.75864028930664,4.45265031544295e-06,3.7299182415008545,2470.0499579906464,,,,
200859,7.2980932061184954e-06,572,8,0.8509332250000001,0.11529198256860362,14.853904724121094,6.810591864621071e-06,6.747488021850586,2476.8066437244415,,,,
201222,7.271801083744834e-06,363,5,0.8504704000000001,0.08529545581627805,14.836320877075195,5.120117331784965e-06,4.258595705032349,2481.0761761665344,,,,
201750,7.257726042236358e-06,528,7,0.8500293550000001,0.13869440850452128,14.842578887939453,7.402949264019295e-06,6.327286958694458,2487.413791656494,,,,
202350,7.2861382707245085e-06,600,0,0.8494709950000001,0.1421246919470529,14.842421531677246,8.257813078103022e-06,7.179409980773926,3050.485960483551,,,,
202911,7.3010354662031335e-06,561,0,0.8488963000000002,0.10623927441359099,14.839746475219727,8.426849671536727e-06,6.772824287414551,3057.271710395813,,,,
203587,7.3241448308138505e-06,676,7,0.848283985,0.09662095744825316,14.847878456115723,8.53126744289057e-06,8.110402345657349,3065.396509408951,,,,
203841,7.326337820366292e-06,254,1,0.847823635,0.08889546720860785,14.846519470214844,3.820203468762883e-06,3.3552660942077637,3068.8341472148895,,,,
204323,7.33721628504469e-06,482,7,0.847459315,0.12557163131293944,14.833575248718262,6.8489482737277265e-06,5.63425350189209,3074.479486465454,,,,
205214,7.361925502819134e-06,891,2,0.8467796800000001,0.1093413864460082,14.850661277770996,1.0997083736015161e-05,10.490237712860107,3084.991021156311,,,,
205524,7.34224423279244e-06,310,5,0.846185185,0.09948498960067001,14.841626167297363,4.396257855887594e-06,3.6390717029571533,3088.646185398102,,,,
206275,7.377885062854262e-06,751,0,0.84565999,0.11320464356774183,14.831657409667969,7.692043887033161e-06,8.824355363845825,3097.4818613529205,,,,
207091,7.399521284460776e-06,816,5,0.8448843250000001,0.10963546767580265,14.834317207336426,1.1819534641404065e-05,9.573870420455933,3107.071933746338,,,,
207721,7.363687531136522e-06,630,6,0.8441685549999999,0.12174168661853715,14.836440086364746,7.240872922409384e-06,7.445925235748291,3114.535665035248,,,,
207947,7.336492093605786e-06,226,1,0.8437448350000001,0.06991575204209233,14.859175682067871,3.685517096414513e-06,2.65110182762146,3117.2011201381683,,,,
208302,7.321894344920567e-06,355,5,0.84345724,0.10918002071838069,14.835021018981934,4.742348195350133e-06,4.244160175323486,3121.4566798210144,,,,
208705,7.280916446802623e-06,403,6,0.8430820300000001,0.08244564897602076,14.848678588867188,5.241763835215351e-06,4.741389274597168,3126.209141969681,,,,
209040,7.261779499904721e-06,335,8,0.8427167200000002,0.1262416059752463,14.821314811706543,4.267499719503577e-06,3.9209256172180176,3130.1431469917297,,,,
209665,7.252187968013858e-06,625,2,0.84224152,0.12558077993912842,14.847352981567383,7.692567708801337e-06,7.4069764614105225,3137.562995672226,,,,
210122,7.260695770530391e-06,457,8,0.8417059300000002,0.13798639142148736,15.07007884979248,5.99860231886851e-06,5.311357021331787,3142.8884003162384,,,,
210865,7.266552048473331e-06,743,7,0.8411119300000001,0.12202671302700574,15.716001510620117,8.766061782239378e-06,8.851475477218628,3151.754922389984,,,,
211264,7.2416104284954494e-06,399,3,0.8405466400000001,0.14440047497654127,15.742888450622559,5.531452296168026e-06,4.668207883834839,3156.438955783844,,,,
211633,7.131692788992439e-06,369,8,0.8401664800000002,0.12310057389549911,15.719764709472656,5.34001915639237e-06,4.314533948898315,3160.767730951309,,,,
212280,7.129405170270787e-06,647,6,0.8396635600000001,0.12751939111269134,15.715962409973145,8.073763144977869e-06,7.6204514503479,3168.4027302265167,,,,
212904,7.16682070311805e-06,624,5,0.8390344150000001,0.1282959938705355,15.73299503326416,8.153517981099864e-06,7.3611345291137695,3175.7891597747803,,,,
213338,7.189625028759395e-06,434,4,0.8385107050000001,0.08955587383116301,15.736746788024902,6.518084072126835e-06,5.095970153808594,3180.899995803833,,,,
214106,7.239025427072934e-06,768,6,0.8379157150000002,0.13067677132467334,15.737709045410156,1.0727228916493902e-05,9.102798461914062,3190.016240119934,,,,
214584,7.244923490314648e-06,478,5,0.8372989450000001,0.11901554542559165,15.71407699584961,6.011158355647692e-06,5.714976787567139,3195.7482962608337,,,,
215395,7.276789235150717e-06,811,5,0.8366608900000002,0.10399608681161814,15.731264114379883,9.948618372277452e-06,9.570468425750732,3205.3347446918488,,,,
216136,7.302434706222985e-06,741,4,0.83589265,0.11316091072937004,15.718278884887695,9.595381670237658e-06,8.847017526626587,3214.1967594623566,,,,
216415,7.274474306133529e-06,279,3,0.83538775,0.14775014251182622,15.716588020324707,3.7643590940206184e-06,3.3141047954559326,3217.537005186081,,,,
216737,7.225385992701663e-06,322,8,0.8350902550000001,0.11818923854840147,15.739693641662598,4.613656926437668e-06,3.9826934337615967,3221.533845424652,,,,
217338,7.201060469630251e-06,601,5,0.83463337,0.13455863007137345,15.741867065429688,7.805760016026397e-06,7.123533010482788,3228.668112516403,,,,
217713,7.176557577550115e-06,375,0,0.8341502500000001,0.11743641110581848,15.71437931060791,5.477713717709775e-06,4.391491174697876,3233.0730454921722,,,,
218249,7.197186623672281e-06,536,4,0.8336993050000001,0.11143953723649172,15.727921485900879,7.5367140425441925e-06,6.312262535095215,3239.3990535736084,,,,
218546,7.10992143500704e-06,297,2,0.8332869700000001,0.13505375216639523,15.711028099060059,3.863759850446514e-06,3.615943431854248,3243.0294711589813,,,,
219031,7.10180335668298e-06,485,0,0.8328998800000001,0.11701637288064613,15.7537841796875,6.4643967778010805e-06,5.7012035846710205,3248.7406165599823,,,,
219385,7.116528638049149e-06,354,1,0.8324845750000002,0.09243479360083348,15.726052284240723,5.559490879818442e-06,4.205677509307861,3252.9611830711365,,,,
220029,7.112312816012435e-06,644,5,0.8319905650000001,0.13292446038688954,15.756494522094727,6.290251447467197e-06,7.572422027587891,3260.5441415309906,,,,
220380,7.0975722806892365e-06,351,7,0.8314980400000002,0.1568473086591264,16.661561965942383,5.396977721829899e-06,4.161693811416626,3264.7309601306915,,,,
220913,7.0965200272198115e-06,533,1,0.83106046,0.135482059097666,16.665010452270508,7.100917973161809e-06,6.301350355148315,3271.04643034935,,,,
221361,7.0550274461638204e-06,448,6,0.8305748650000001,0.12908453505767126,16.66712760925293,6.613295565216497e-06,5.414074182510376,3276.4737300872803,,,,
221798,7.073323572278412e-06,437,6,0.8301367900000001,0.12618826464137536,16.671789169311523,6.173787746774909e-06,5.228575229644775,3282.6280024051666,,,,
222192,7.053164598217166e-06,394,1,0.8297254450000001,0.14008830561366362,16.621274948120117,4.8115186550035084e-06,4.699451923370361,3287.343739271164,,,,
222815,7.064579616077538e-06,623,1,0.8292220300000002,0.143740911533769,16.659934997558594,7.693279181353317e-06,7.407454967498779,3294.762508392334,,,,
223594,7.074378678039749e-06,779,6,0.82852804,0.12876148820719405,16.650468826293945,1.0348246955800275e-05,9.27982759475708,3304.056073665619,,,,
224218,7.079630464745891e-06,624,6,0.8278335550000002,0.1301221412459277,16.638193130493164,7.354949578939336e-06,7.448953151702881,3311.5189135074615,,,,
224652,7.086290339579195e-06,434,7,0.827309845,0.13991105864721634,16.654773712158203,6.439859832880752e-06,5.101917266845703,3316.634383201599,,,,
225559,7.137574752086097e-06,907,5,0.82664605,0.1347706172504941,16.658803939819336,1.1991443914780565e-05,10.683008432388306,3327.3309268951416,,,,
226496,7.185299770257814e-06,937,5,0.8257332700000002,0.13262142881059721,16.660791397094727,1.1895475331300522e-05,11.201447486877441,3338.550731897354,,,,
227381,7.186072156677881e-06,885,7,0.8248313800000001,0.14547617805750865,16.630638122558594,8.717237720929916e-06,10.375665426254272,3348.9456713199615,,,,
227654,7.152437068752703e-06,273,7,0.82425817,0.11084263938786525,16.64579963684082,3.981416842293584e-06,3.305237054824829,3352.2666623592377,,,,
228248,7.127835342329548e-06,594,5,0.8238290050000001,0.13031674039568877,16.653120040893555,7.0831270309667975e-06,7.035647630691528,3359.3126504421234,,,,
228631,7.113624918976312e-06,383,5,0.8233453900000001,0.0930197914735528,16.65765380859375,5.232092206028936e-06,4.5798680782318115,3363.9078438282013,,,,
228947,7.061138293387614e-06,316,8,0.8229993850000001,0.11804558370398611,16.662805557250977,4.201849382639013e-06,3.830941915512085,3367.7495131492615,,,,
229295,7.033287508225782e-06,348,0,0.8226707050000001,0.12245844056446815,16.623355865478516,4.5214030356532925e-06,4.198243141174316,3371.9612662792206,,,,
230298,7.110397914048861e-06,1003,6,0.82200196,0.1477307872646771,16.884607315063477,1.1617506312404652e-05,11.83562707901001,3383.807888507843,,,,
230629,7.078352578405144e-06,331,8,0.82134163,0.16158381648426512,17.40670394897461,4.858835062577787e-06,3.911867141723633,3387.738829135895,,,,
231941,7.1242946585513765e-06,1312,2,0.8205283449999999,0.16039210808214788,17.432283401489258,1.5803520161625775e-05,15.720043659210205,3403.469911336899,,,,
232527,7.147214448097827e-06,586,6,0.8195888350000001,0.14281676382696767,17.400714874267578,5.938018555298184e-06,6.935253381729126,3410.438913345337,,,,
233209,7.161287762440338e-06,682,3,0.8189611750000001,0.15305617820989528,17.426311492919922,6.172139344329252e-06,8.0645751953125,3418.520694732666,,,,
233996,7.098791280736805e-06,787,0,0.8182340200000001,0.14090650653003284,17.42737579345703,6.332153501205086e-06,9.43684434890747,3427.9722578525543,,,,
234422,7.1214253353332425e-06,426,6,0.8176335850000002,0.1555625578150372,17.436464309692383,5.718259441778175e-06,5.286746978759766,3433.275423526764,,,,
234744,7.0915676332163015e-06,322,6,0.8172633250000001,0.15147832385424032,17.391672134399414,4.051111257581397e-06,3.8102447986602783,3437.0996272563934,,,,
235465,7.138509296714802e-06,721,2,0.8167470400000001,0.15420593312585062,17.435802459716797,9.863285531537262e-06,8.538458585739136,3445.651066303253,,,,
235854,7.110251840487081e-06,389,2,0.8161975900000001,0.14211942143482234,17.4323787689209,5.186275216715329e-06,4.651213884353638,3450.3151829242706,,,,
236167,7.075785969664138e-06,313,2,0.8158501,0.12733904757613895,17.43312644958496,4.315051884873351e-06,3.8121209144592285,3454.1407964229584,,,,
237139,7.123723529019799e-06,972,6,0.8152140250000001,0.16489221404443288,17.411739349365234,1.1000052496683588e-05,11.610129594802856,3465.7646021842957,,,,
237380,7.0888717687637375e-06,241,8,0.8146135900000001,0.16455679701705667,17.419363021850586,3.3297958015054968e-06,2.864461898803711,3468.6488184928894,,,,
237957,7.108940306767408e-06,577,3,0.8142086800000001,0.16456020242364985,17.43606948852539,8.797224917884707e-06,6.8429481983184814,3475.5014729499817,,,,
238419,7.121917381203957e-06,462,4,0.8136943750000001,0.1489501402321933,17.402700424194336,6.627102804941381e-06,5.4247119426727295,3480.9392030239105,,,,
238846,7.134856769772568e-06,427,7,0.8132543200000001,0.1776908683355584,17.4488468170166,6.087949423658753e-06,5.126919269561768,3486.0829014778137,,,,
239243,7.115040513852478e-06,397,0,0.8128464400000001,0.1160107800960708,17.42596435546875,4.699482278454073e-06,4.776028394699097,3490.872400522232,,,,
240087,7.135851533865889e-06,844,1,0.8122321450000002,0.15915473593176274,17.520553588867188,9.162679960752469e-06,10.034052610397339,3500.9191296100616,,,,
240475,7.1432670630656505e-06,388,1,0.8116223050000001,0.16711950176134105,18.38564109802246,5.516051904237431e-06,4.607373237609863,3505.543261528015,,,,
241005,7.146481265584725e-06,530,2,0.8111678950000001,0.18941505560332422,18.37677001953125,6.393353179419133e-06,6.362739562988281,3511.917277574539,,,,
241354,6.9829307516087625e-06,349,4,0.81073279,0.1710916720069041,18.386259078979492,4.9327992331882316e-06,4.201091766357422,3516.136682510376,,,,
241804,7.010177288769625e-06,450,0,0.810337285,0.18279923145515495,18.373897552490234,6.43199850969722e-06,5.328434467315674,3521.476308822632,,,,
242476,7.037061160808377e-06,672,6,0.8097818950000001,0.17220101064186857,18.382083892822266,7.869360692893678e-06,8.074453115463257,3529.5635194778442,,,,
242920,7.0236419826912306e-06,444,7,0.8092294750000002,0.16551556292309746,18.369831085205078,5.57021159238502e-06,5.398777484893799,3534.977550983429,,,,
244008,7.054765741408175e-06,1088,2,0.8084711350000001,0.14635002340176417,18.382617950439453,1.1287331508071923e-05,13.130586862564087,3548.1202161312103,,,,
244277,7.0106331257548495e-06,269,6,0.80779942,0.1436281988457475,18.37000274658203,3.709795453801233e-06,3.255443811416626,3551.407324075699,,,,
244886,6.965293716366714e-06,609,5,0.80736481,0.15754020609280192,18.38349723815918,7.196984443567091e-06,7.458914279937744,3558.8770270347595,,,,
245115,6.9352669143498224e-06,229,0,0.8069500000000002,0.16573178701349636,18.381370544433594,3.3650900218162864e-06,2.785871982574463,3561.6776072978973,,,,
245738,6.951326507966369e-06,623,4,0.8065282600000001,0.1617147024850921,18.38057518005371,6.8144234069222875e-06,7.562546014785767,3569.2491228580475,,,,
245972,6.951228256606611e-06,234,3,0.8061040450000001,0.15221432529270593,18.37581443786621,3.4758262819423193e-06,2.8224148750305176,3572.0851497650146,,,,
246512,6.911445776496805e-06,540,8,0.8057209150000001,0.20219736889525944,18.360137939453125,7.88194933875275e-06,6.539377689361572,3578.6338794231415,,,,
246810,6.8557873830215495e-06,298,0,0.8053061050000001,0.17067311299746635,18.376066207885742,3.957689371247852e-06,3.5950169563293457,3582.243179321289,,,,
247976,6.944243833486041e-06,1166,2,0.8045814250000001,0.17027784826175862,18.371776580810547,1.2776159791769696e-05,14.056226253509521,3596.3166942596436,,,,
248920,7.012669933338598e-06,944,2,0.8035369750000001,0.12613600745741033,18.358203887939453,1.1940873058620122e-05,11.222673416137695,3607.578079223633,,,,
249410,6.982695445462638e-06,490,2,0.8028271450000002,0.18235792309039006,18.3687801361084,7.220860615575481e-06,5.756702899932861,3613.3516807556152,,,,
249904,6.952312808446946e-06,494,1,0.8023400650000001,0.15093973160330806,18.38884735107422,6.575853674917192e-06,5.873775243759155,3619.239492416382,,,,
250716,6.9632443448057295e-06,812,4,0.8016935950000001,0.21641545729292627,19.245880126953125,6.293397023426907e-06,9.74892258644104,3629.902907371521,,,,
251399,6.947634125506852e-06,683,0,0.80095357,0.20520316126385063,19.36147689819336,8.415164368784637e-06,8.371048927307129,3638.5330789089203,,,,
252795,7.015119473655317e-06,1396,1,0.7999244650000001,0.18992686115498236,19.35767936706543,1.1846418994423402e-05,16.56037712097168,3655.109414100647,,,,
253563,7.055216547536246e-06,768,7,0.7988532850000002,0.20363458315141206,19.359153747558594,9.382038165597355e-06,9.205563306808472,4119.3221662044525,,,,
254097,7.0230542870575606e-06,534,5,0.7982087950000001,0.1852611188605353,19.37276840209961,6.580914847518216e-06,6.481597423553467,4125.833860397339,,,,
255439,7.0596907432161504e-06,1342,2,0.7972801750000001,0.20361915536017883,19.369089126586914,1.1855665667610529e-05,15.867908477783203,4141.718119382858,,,,
256298,7.058374837407655e-06,859,4,0.79619068,0.1924329966068441,19.383291244506836,9.726040756277146e-06,10.281022310256958,4152.026520490646,,,,
258104,7.174935917728931e-06,1806,6,0.794871505,0.18911757509200303,19.361371994018555,1.7873146113345276e-05,21.508057594299316,4173.555744886398,,,,
258654,7.206022779897125e-06,550,6,0.793705285,0.19659766380653232,19.35262107849121,7.561336532262426e-06,6.616029977798462,4180.225645065308,,,,
259364,7.231090630327228e-06,710,4,0.7930815850000001,0.1826346351505814,19.355684280395508,9.317376907631574e-06,8.657530307769775,4188.900754213333,,,,
259830,7.2330825780028345e-06,466,0,0.792499465,0.15395020523333341,19.37824058532715,5.319312099345558e-06,5.63988184928894,4194.559347629547,,,,
260957,7.289704752278682e-06,1127,4,0.7917109300000001,0.2106922167889815,20.081085205078125,1.3065166691603757e-05,13.475566864013672,4208.052214860916,,,,
261789,7.304389034308655e-06,832,8,0.7907412250000001,0.24301319286967507,20.219989776611328,9.726241281100556e-06,10.072042226791382,4218.149968385696,,,,
263259,7.3966915031007826e-06,1470,7,0.7896017350000001,0.21192715077878369,20.21883773803711,1.765709655074942e-05,17.582239627838135,4235.752972602844,,,,
264925,7.4988568919820855e-06,1666,0,0.788049415,0.194043581954174,20.210750579833984,1.874780633102093e-05,20.377543926239014,4256.159342765808,,,,
265436,7.519519261990125e-06,511,5,0.7869718000000001,0.19429069722375264,20.20130157470703,5.886440469566873e-06,6.222798585891724,4262.411724090576,,,,
266056,7.527214749802623e-06,620,0,0.7864119550000002,0.1935155690610943,20.211349487304688,7.618497054977527e-06,7.520777940750122,4269.948716640472,,,,
266449,7.467052784940619e-06,393,0,0.7859105200000001,0.19095503680446013,20.234289169311523,4.980887249814709e-06,4.711126804351807,4274.679768323898,,,,
267100,7.507480597561765e-06,651,6,0.7853937400000001,0.1971726568679858,20.203723907470703,8.439039118002255e-06,7.967423677444458,4282.662401914597,,,,
267632,7.489633364612301e-06,532,2,0.7848081550000001,0.19938749388800178,20.18956184387207,5.907320592086757e-06,6.411175727844238,4289.092591047287,,,,
267966,7.41390851211605e-06,334,5,0.784379485,0.2241260939722798,20.1957950592041,4.247049391778997e-06,3.987825870513916,4293.098521947861,,,,
268410,7.399088788314145e-06,444,1,0.7839943750000001,0.2047527170291654,20.203554153442383,5.758900542218725e-06,5.393251895904541,4298.504542350769,,,,
269495,7.42890708551016e-06,1085,0,0.7832375200000001,0.21389997967638383,20.244861602783203,6.667346816016096e-06,13.107325792312622,4311.624782085419,,,,
270318,7.47013522550759e-06,823,7,0.7822930600000002,0.24881382146096728,20.5723934173584,8.865162195093037e-06,9.832437992095947,4321.503668785095,,,,
270866,7.47996736459271e-06,548,3,0.781614415,0.2530667529368149,21.09453010559082,6.224977743727326e-06,6.490969657897949,4328.019031763077,,,,
271372,7.49717906151517e-06,506,2,0.7810926850000002,0.23816760066140538,21.06944465637207,5.988669411749466e-06,6.05605411529541,4334.091546058655,,,,
271816,7.464396659173644e-06,444,3,0.780622435,0.23935176742760028,21.106401443481445,4.414327474648871e-06,5.304007291793823,4339.4125101566315,,,,
272602,7.49852741756456e-06,786,1,0.7800135850000002,0.2620537687634707,21.07377052307129,9.411678157960074e-06,9.339149475097656,4348.765985012054,,,,
274031,7.567546776115819e-06,1429,6,0.7789171600000002,0.24203599901122635,21.09914779663086,1.566799763736527e-05,16.972981691360474,4365.760082960129,,,,
274685,7.579287148948312e-06,654,4,0.7778860750000001,0.21492956848852945,21.07864761352539,6.705489579417186e-06,7.8551623821258545,4373.66254067421,,,,
275074,7.571582205085292e-06,389,2,0.7773697900000002,0.23707155069871833,21.116539001464844,4.569524770090541e-06,4.651447534561157,4378.332721710205,,,,
275751,7.576839032583394e-06,677,3,0.7768421200000001,0.23192576396558862,21.115480422973633,8.599445894788005e-06,8.080585718154907,4386.42932009697,,,,
276729,7.603273776891228e-06,978,1,0.7760228950000001,0.23651971310174383,21.107017517089844,1.0796992411883384e-05,11.862613439559937,4398.311596870422,,,,
277184,7.599518080050415e-06,455,8,0.7753135600000001,0.21181460274619435,21.103986740112305,6.142514388045585e-06,5.547453880310059,4403.884979724884,,,,
277781,7.560889910283207e-06,597,2,0.77479282,0.23653345004468598,21.063318252563477,6.864411939773164e-06,7.1118292808532715,4411.012336015701,,,,
279648,7.695599427989917e-06,1867,5,0.7735731400000001,0.23545053300817587,21.089509963989258,1.9482110126318727e-05,22.442206382751465,4433.471654415131,,,,
280160,7.66631634712951e-06,512,0,0.772395535,0.23602328098867373,21.41396141052246,7.0203102862365075e-06,6.1399970054626465,4439.644293546677,,,,
280680,7.631007013682732e-06,520,5,0.7718846950000001,0.2540796750336567,22.023488998413086,6.064448325560076e-06,6.168745994567871,4445.829095840454,,,,
281411,7.669653439026547e-06,731,8,0.77126545,0.26448541035209316,22.04865264892578,7.629001628401962e-06,8.901744604110718,4454.771724462509,,,,
281940,7.688533273028497e-06,529,1,0.77064175,0.2752881291125564,22.091432571411133,6.501640326632698e-06,6.381024599075317,4461.172895669937,,,,
282744,7.693613054146907e-06,804,5,0.7699819150000001,0.24857492123526093,22.05145835876465,8.313738127867511e-06,9.607937335968018,4470.798049449921,,,,
283404,7.710545269887347e-06,660,3,0.7692572350000001,0.24176229106933378,22.075233459472656,7.170935291753721e-06,7.915426731109619,4478.735663175583,,,,
284227,7.722221815740226e-06,823,1,0.76852315,0.2920400030476857,22.067270278930664,8.704368627832078e-06,9.992610692977905,4488.747143268585,,,,
284909,7.774874734329272e-06,682,6,0.7677781750000001,0.24678462156281603,22.047391891479492,9.12905170935118e-06,8.154948234558105,4496.93182516098,,,,
285990,7.821592662628518e-06,1081,7,0.7669054900000002,0.22116393950679664,22.055370330810547,1.1136189607725553e-05,12.972925186157227,4509.935620069504,,,,
286582,7.829619938758014e-06,592,2,0.7660773550000001,0.2592230695397691,22.046157836914062,6.36221849276808e-06,7.078809499740601,4517.038880348206,,,,
287311,7.843673285836417e-06,729,8,0.76542346,0.27142858732052794,22.052583694458008,7.6955861553074e-06,8.698271751403809,4525.757444620132,,,,
288044,7.868259948384092e-06,733,3,0.7646997700000002,0.25269263856346913,22.028902053833008,7.855643976597547e-06,8.749727010726929,4534.52500295639,,,,
288419,7.841001221052578e-06,375,6,0.7641513100000001,0.234179854920421,22.060087203979492,4.37504524001042e-06,4.551816701889038,4539.0981459617615,,,,
289142,7.847211469407967e-06,723,2,0.7636078000000002,0.23180175152652432,22.08903694152832,7.234320400755232e-06,8.718626022338867,4547.8426015377045,,,,
290138,7.886343808380047e-06,996,7,0.762756895,0.26367492910552676,22.17438507080078,1.0087021643983022e-05,12.074434041976929,4560.842587709427,,,,
290655,7.894843434982591e-06,517,6,0.7620079599999999,0.3016016571818627,22.90420150756836,5.661481315257794e-06,6.239022731781006,4567.106568813324,,,,
291798,7.939626879689854e-06,1143,7,0.7611862600000001,0.2886150410618103,22.90694236755371,1.217162365207968e-05,13.61308765411377,4580.742803096771,,,,
293216,7.977861526245534e-06,1418,2,0.7599185650000002,0.257073808727853,22.896163940429688,1.41717116113682e-05,16.796133518218994,4597.56453704834,,,,
294608,8.038588445657525e-06,1392,8,0.7585276150000001,0.25700687680876366,22.909866333007812,1.3427641520138425e-05,16.71274495124817,4614.3249752521515,,,,
295359,8.06337985094956e-06,751,0,0.7574668300000001,0.25769471781150133,22.902965545654297,8.919000362084271e-06,8.962197542190552,4623.314302682877,,,,
296597,8.072034646832551e-06,1238,4,0.7564822750000002,0.248186356258849,22.882247924804688,1.2856923503079539e-05,14.873008012771606,4638.206157207489,,,,
297720,8.049424595904499e-06,1123,8,0.75531358,0.24733032543615782,22.906129837036133,9.634470238495393e-06,13.513045072555542,4651.763031244278,,,,
299512,8.132459055968867e-06,1792,1,0.7538706550000001,0.2558871454982889,22.90279197692871,1.702068372736675e-05,21.713939428329468,4673.502945899963,,,,
300543,8.204917915367106e-06,1031,1,0.7524732700000002,0.27880217218944714,23.429035186767578,1.1227302782117471e-05,12.34370493888855,4685.877613782883,,,,
301068,8.19128953656616e-06,525,3,0.7517030500000002,0.2641463483548927,23.859285354614258,5.720289150872304e-06,6.3596508502960205,4692.2801830768585,,,,
301611,8.196330574659783e-06,543,5,0.7511743900000001,0.2749115798974969,23.870447158813477,5.736196015391208e-06,6.530978202819824,4698.8276336193085,,,,
301907,8.191807402408813e-06,296,1,0.7507590850000001,0.3563134772283537,23.8178653717041,3.7495321575420345e-06,3.5140974521636963,4702.360354185104,,,,
302835,8.241290721417727e-06,928,5,0.750153205,0.247869439894544,23.875337600708008,9.469734936544682e-06,11.110532283782959,4713.484004735947,,,,
303601,8.204088168318435e-06,766,1,0.749314675,0.2725446558804294,23.801694869995117,7.89725100247551e-06,9.385966539382935,5187.337638378143,,,,
305889,8.346023138948056e-06,2288,8,0.7478029450000001,0.2705596047529565,23.846908569335938,1.90523321255398e-05,27.376749277114868,5214.7378516197205,,,,
306876,8.279547154893408e-06,987,1,0.74618182,0.2730523291011679,23.856433868408203,9.15592175616097e-06,11.839377880096436,5226.619371891022,,,,
308231,8.336506131797705e-06,1355,7,0.7450225300000001,0.2907406885527751,23.861295700073242,1.1633916245727947e-05,16.150925397872925,5242.821931600571,,,,
308936,8.345804751515119e-06,705,5,0.7440028300000001,0.29693557565817835,23.857990264892578,7.102001316070528e-06,8.469078302383423,5251.324271202087,,,,
310375,8.417797525832783e-06,1439,7,0.7429415500000001,0.287071237586155,24.107519149780273,1.3531430932971483e-05,17.21317982673645,5268.559250354767,,,,
314013,8.658963437140699e-06,3638,0,0.740428435,0.2968501264918527,24.78133201599121,2.9834850572569804e-05,43.50105690956116,5312.117894649506,,,,
315811,8.795340312248357e-06,1798,5,0.7377376150000001,0.3029429608521777,24.770238876342773,1.7688798768347195e-05,21.67366313934326,5333.84758067131,,,,
316871,8.798291511810418e-06,1060,6,0.7363229050000001,0.30086894962327476,24.746442794799805,1.0158405487743488e-05,12.785102128982544,5346.674027681351,,,,
318061,8.853484329883087e-06,1190,1,0.7352091550000002,0.29148142253368886,24.807058334350586,1.0705557023982261e-05,14.384510517120361,5361.086971282959,,,,
319290,8.930134796908362e-06,1229,8,0.7340117500000001,0.26532701725410546,24.753795623779297,1.198009858740077e-05,14.91198992729187,5376.0749797821045,,,,
320414,8.893145527324008e-06,1124,8,0.732847015,0.3023173203132089,25.094711303710938,7.301125538248237e-06,13.46127200126648,5389.572481870651,,,,
322219,9.028159848378434e-06,1805,5,0.73139716,0.2719214764652197,25.746511459350586,1.6831227906948276e-05,22.11585021018982,5411.71860575676,,,,
324273,9.13762807884666e-06,2054,7,0.729486955,0.2819322504769967,25.739015579223633,1.9744047964707085e-05,24.90646481513977,5436.696131944656,,,,
326297,9.188491451243407e-06,2024,1,0.727468345,0.2888852284974175,25.723270416259766,1.1713440044616166e-05,24.41573691368103,5461.151766061783,,,,
329338,9.401896418887647e-06,3041,2,0.7249611699999999,0.28225772747897937,25.73248291015625,2.7428446188082496e-05,36.75316381454468,5497.97514629364,,,,
330235,9.442953778091124e-06,897,2,0.7230118600000001,0.26893011003913775,25.944671630859375,8.805218198801859e-06,10.734708309173584,5508.762518644333,,,,
331482,9.463504525211875e-06,1247,2,0.72195058,0.2858713774031766,26.509971618652344,1.121775467282758e-05,15.163896799087524,5523.9592571258545,,,,
332231,9.513329461367449e-06,749,8,0.7209625600000001,0.31874256727877237,26.509593963623047,1.0498545519794793e-05,9.060595035552979,5533.059086799622,,,,
333778,9.585144394685584e-06,1547,3,0.7198260400000001,0.2879295400133933,26.508220672607422,1.3574846511232853e-05,18.725962162017822,5551.811018228531,,,,
336909,9.802466826977254e-06,3131,4,0.7175104300000001,0.28795973168020217,26.51503562927246,2.66650424623549e-05,37.90433096885681,5589.792094945908,,,,
338294,9.864528941210438e-06,1385,7,0.71527501,0.26477814072266925,26.573781967163086,1.2638209933015782e-05,16.674677848815918,5606.517726898193,,,,
339767,9.892059798924892e-06,1473,6,0.7138603000000001,0.3086014909490916,26.51955795288086,1.0622446464338989e-05,17.855937719345093,5624.408104419708,,,,
340553,9.923204239125027e-06,786,4,0.7127420950000001,0.30554141853429123,27.220108032226562,8.684655612398736e-06,9.562805891036987,5634.004007816315,,,,
343276,1.0057043403067213e-05,2723,8,0.7110051400000001,0.31135886435123905,27.542255401611328,2.4671247902290338e-05,32.97598123550415,5667.005520820618,,,,
344573,1.0161450406444315e-05,1297,4,0.70901524,0.3066236599500512,27.525035858154297,1.4150495791511722e-05,15.59766697883606,5682.652150154114,,,,
346438,1.0255698345572738e-05,1865,3,0.7074500500000002,0.29782225613641733,27.558269500732422,1.6621778356409347e-05,22.538829565048218,5705.223429441452,,,,
348168,1.0364591339374839e-05,1730,0,0.7056705250000002,0.27826561511288456,27.515941619873047,1.425438940202643e-05,21.47113609313965,5726.741052150726,,,,
351368,1.0564447364167506e-05,3200,6,0.7032301750000001,0.3224860960780643,27.91522979736328,2.6800025886188888e-05,38.6634087562561,5765.445686578751,,,,
352962,1.0676237418753942e-05,1594,5,0.7008571450000002,0.31212762880905015,28.547880172729492,1.465483174058591e-05,19.1212956905365,5784.6198472976685,,,,
355485,1.0797704146474984e-05,2523,1,0.6988192300000001,0.2874735479659153,28.47198486328125,2.0028622110856982e-05,30.287410497665405,6287.391175985336,,,,
357355,1.0926131878795785e-05,1870,1,0.696644695,0.3041256226791109,28.47340965270996,1.680046260332803e-05,22.691325187683105,6310.185979127884,,,,
359248,1.0966654150541899e-05,1893,3,0.6947820100000002,0.2942469947876656,28.50149917602539,1.6828386966380982e-05,22.939116716384888,6333.18686580658,,,,
360451,1.0961421083248982e-05,1203,5,0.69324949,0.3095351487687893,28.90978240966797,1.141756632932813e-05,14.568803310394287,6347.841126918793,,,,
361004,1.0943404329557894e-05,553,3,0.6923802700000001,0.34228616760229225,29.546688079833984,5.419185246466895e-06,6.782874822616577,6354.6649515628815,,,,
362373,1.1005954025401366e-05,1369,3,0.69142888,0.3179920744435296,29.559459686279297,1.283082325926443e-05,16.743529796600342,6371.43322634697,,,,
363692,1.1065684826662902e-05,1319,4,0.69009832,0.2861471770751456,29.58588218688965,1.2266477149580632e-05,16.179560899734497,6388.565500259399,,,,
364177,1.1038857253934966e-05,485,7,0.6892053400000001,0.3287227234253241,29.570619583129883,5.7324070959907655e-06,5.923302888870239,6394.532717704773,,,,
364503,1.0959262792322023e-05,326,0,0.688803895,0.3221596541861775,29.575651168823242,3.886972833129224e-06,3.916356086730957,6398.4703097343445,,,,
366667,1.1014961873208053e-05,2164,1,0.6875713450000001,0.32880709173406847,29.54005241394043,1.4951946254200282e-05,26.299782037734985,6424.788931131363,,,,
368030,1.1072954381778288e-05,1363,1,0.6858254800000001,0.31759079576932125,29.57097625732422,1.238016570454194e-05,16.669318437576294,6441.542252779007,,,,
369161,1.1054064995146007e-05,1131,4,0.68459095,0.2960345948456513,29.578359603881836,9.966727004382407e-06,13.838347673416138,6455.423593521118,,,,
371948,1.1122250089538e-05,2787,6,0.6826515400000001,0.3537387684468348,30.0644474029541,1.6544550195476394e-05,34.071359157562256,6489.539592266083,,,,
373236,1.105516846803738e-05,1288,5,0.6806344150000001,0.3392433588752321,30.220703125,1.1164983963283263e-05,15.63821005821228,6505.2832467556,,,,
375387,1.116163017636467e-05,2151,3,0.6789321100000001,0.3431789535848347,30.26323890686035,1.820750736499122e-05,29.206135272979736,6534.5373821258545,,,,
377782,1.1266537366294928e-05,2395,8,0.6766818400000001,0.3312533389176794,30.274545669555664,1.9808095900657462e-05,30.84180998802185,6565.470198392868,,,,
378633,1.1292034777126506e-05,851,2,0.6750750700000001,0.35294772526487345,30.28262710571289,7.869053182503193e-06,10.437767505645752,6576.004621505737,,,,
381065,1.1358888165325711e-05,2432,5,0.6734499850000001,0.3072740300359376,30.577726364135742,1.9750505511524403e-05,29.918659687042236,6605.954802274704,,,,
382135,1.1370714869487133e-05,1070,4,0.6717164950000001,0.3318299257118585,31.107772827148438,1.0908911697242723e-05,13.57309865951538,6619.593686580658,,,,
384913,1.1436886607249621e-05,2778,8,0.6698117350000001,0.3251543599702745,31.043407440185547,2.4274270326998245e-05,33.62206983566284,6653.256451129913,,,,
386127,1.1373675027822118e-05,1214,6,0.6678356950000001,0.3600209263246609,31.033525466918945,1.2426648388270698e-05,14.794699907302856,6668.125500202179,,,,
387269,1.1420708257257675e-05,1142,4,0.6666694750000002,0.36981403301799237,30.996360778808594,1.058976341312243e-05,13.958793878555298,6682.125022411346,,,,
389492,1.1551647852162718e-05,2223,2,0.6650038000000001,0.34547506104451237,30.97015953063965,2.0712456545481908e-05,26.848987817764282,6709.021608829498,,,,
390630,1.1615315487232182e-05,1138,8,0.6633401050000001,0.3586607457121108,31.493112564086914,1.1347650756761127e-05,14.024322032928467,6723.139088630676,,,,
391780,1.1637802579620884e-05,1150,3,0.6622075450000001,0.3363035997795516,31.89195442199707,1.0687748356872354e-05,14.241483926773071,6737.422259569168,,,,
392919,1.1682851571443111e-05,1139,0,0.6610744900000001,0.35838878238631966,31.881433486938477,1.0412219774309506e-05,13.984473705291748,6751.449272632599,,,,
393487,1.1695471432138048e-05,568,3,0.660229525,0.3315340808661238,31.956096649169922,5.509035461273012e-06,7.013395071029663,6758.5165140628815,,,,
394917,1.1755486226589085e-05,1430,0,0.6592405150000001,0.3581575136556574,31.88530921936035,1.1760379987322297e-05,17.67226004600525,6776.211318492889,,,,
397344,1.1882592853523017e-05,2427,5,0.6573313000000002,0.3357050062642906,31.88389015197754,1.9378009509409827e-05,29.740038633346558,6806.002166748047,,,,
399222,1.1943377198791437e-05,1878,8,0.655200325,0.3349396907262199,31.86752700805664,1.4943596721934671e-05,23.120224952697754,6829.239079236984,,,,
401702,1.2094309616249178e-05,2480,7,0.6530431150000001,0.3619054370317742,32.247859954833984,2.131821948950116e-05,30.572522163391113,6859.869597434998,,,,
403195,1.2143422037358674e-05,1493,4,0.6510764800000001,0.3642122393389645,32.37190246582031,1.0899911522699316e-05,18.490739822387695,6878.461470603943,,,,
404966,1.2264516447196172e-05,1771,8,0.6494608000000001,0.3697519061901469,32.35589599609375,1.652376845839854e-05,21.695356130599976,7386.777601718903,,,,
409089,1.2498787737304441e-05,4123,3,0.6465432700000001,0.36555546927239224,32.365936279296875,3.283880716878683e-05,49.652491092681885,7436.496112585068,,,,
410014,1.2426913930924856e-05,925,7,0.6440445100000002,0.3279761078983846,32.25823211669922,8.48061699940673e-06,11.28742790222168,7447.9528114795685,,,,
413206,1.2608763792884758e-05,3192,8,0.642006595,0.3719866249852445,32.96962356567383,2.4890475775407563e-05,39.13468074798584,7487.133771419525,,,,
415460,1.2760734361994256e-05,2254,3,0.639310825,0.3566973560850794,33.036285400390625,1.976658168104e-05,27.799872636795044,7515.025753259659,,,,
416932,1.2799886426331855e-05,1472,3,0.6374664550000001,0.3352600715521291,32.952457427978516,1.2514652328547994e-05,18.55107069015503,7533.686468362808,,,,
418453,1.2835783224683441e-05,1521,4,0.6359849200000001,0.3565577898683756,32.97904586791992,1.4386672247042042e-05,18.80026865005493,7552.541318893433,,,,
419880,1.2900012490264602e-05,1427,5,0.6345256600000001,0.36423228418937437,32.96048355102539,1.2565440946161758e-05,18.0622878074646,7570.676110744476,,,,
421532,1.296334956058587e-05,1652,8,0.633001555,0.4073057619818226,33.67012405395508,1.319811897189991e-05,20.46217703819275,7591.188070774078,,,,
421946,1.2811129869588455e-05,414,1,0.631978885,0.3759646975508657,33.866912841796875,4.260141026577457e-06,5.085668087005615,7596.3519496917725,,,,
423813,1.2894486724137264e-05,1867,2,0.6308497900000002,0.35587504956704635,33.76152038574219,1.5355995741117562e-05,23.46941876411438,7619.844479799271,,,,
425480,1.2976209436250487e-05,1667,3,0.62910046,0.3698759986310522,33.776973724365234,1.4236719536882007e-05,20.42370843887329,7640.332779169083,,,,
427867,1.3096400422013233e-05,2387,3,0.6270937300000001,0.3608860691030434,33.76644515991211,1.964810020467664e-05,29.411513328552246,7669.828985452652,,,,
429406,1.3158658061534823e-05,1539,4,0.6251503600000001,0.34816754117720955,33.68441390991211,1.2727404278791696e-05,18.878109216690063,7688.785021305084,,,,
431182,1.3209629787731107e-05,1776,8,0.6235094350000001,0.3687290696875175,34.36981964111328,1.3410910747495542e-05,21.739004135131836,7710.624247312546,,,,
431543,1.31802478371597e-05,361,6,0.6224516200000001,0.367894506574045,34.488037109375,4.2327402346131775e-06,4.36282753944397,7715.055509090424,,,,
432968,1.3199342397344083e-05,1425,3,0.6215675500000002,0.38529869979708337,34.602718353271484,1.0613824646270595e-05,17.54910945892334,7732.6235411167145,,,,
435055,0.010013283648039101,2087,3,0.6198291100000001,0.3586123284752113,34.696685791015625,1.0000175596158851,26.095726251602173,7758.793750286102,,,,
436160,0.010013269435872177,1105,3,0.6182490700000001,0.3284316004074234,34.61933135986328,9.714972915162437e-06,13.575722694396973,7772.435606241226,,,,
437972,0.01001331888001557,1812,7,0.616805155,0.35160596344733286,34.67243576049805,1.130663283205993e-05,22.457640647888184,7794.937758207321,,,,
439423,0.010013375827817344,1451,7,0.6151899700000001,0.35156761477841436,34.61991882324219,1.3390366332544078e-05,17.90079951286316,7812.902855396271,,,,
440624,0.01001339705376467,1201,5,0.61387723,0.37076033859270646,35.0208625793457,9.978238709322782e-06,14.870184183120728,7827.830275774002,,,,
441451,0.010013425663707814,827,3,0.6128733700000001,0.3987939905138141,35.3337287902832,7.2360395546411344e-06,10.173281192779541,7838.075130701065,,,,
442577,0.010013467062581757,1126,0,0.6119066350000002,0.3382730568657131,35.251686096191406,1.1374207794858661e-05,13.939012289047241,7852.041805028915,,,,
